ablation_name,fpr,mean_tpr
embedding_hidden_16,0.0,0.002755905511811004
embedding_hidden_16,0.005,0.010346456692913387
embedding_hidden_16,0.01,0.019393700787401647
embedding_hidden_16,0.015,0.026200787401574777
embedding_hidden_16,0.02,0.03207086614173227
embedding_hidden_16,0.025,0.03637795275590547
embedding_hidden_16,0.03,0.04004724409448814
embedding_hidden_16,0.035,0.04355118110236218
embedding_hidden_16,0.04,0.04916535433070873
embedding_hidden_16,0.045,0.05847637795275588
embedding_hidden_16,0.05,0.06488188976377954
embedding_hidden_16,0.055,0.06882677165354331
embedding_hidden_16,0.06,0.07114173228346453
embedding_hidden_16,0.065,0.07344488188976378
embedding_hidden_16,0.07,0.0774173228346457
embedding_hidden_16,0.075,0.08234251968503936
embedding_hidden_16,0.08,0.091732283464567
embedding_hidden_16,0.085,0.10022834645669298
embedding_hidden_16,0.09,0.10729921259842519
embedding_hidden_16,0.095,0.11344488188976379
embedding_hidden_16,0.1,0.11771653543307095
embedding_hidden_16,0.105,0.12396062992125982
embedding_hidden_16,0.11,0.1273937007874016
embedding_hidden_16,0.115,0.1326023622047244
embedding_hidden_16,0.12,0.1384803149606299
embedding_hidden_16,0.125,0.14350393700787403
embedding_hidden_16,0.13,0.14907086614173232
embedding_hidden_16,0.135,0.1526023622047244
embedding_hidden_16,0.14,0.15833070866141735
embedding_hidden_16,0.145,0.1640236220472441
embedding_hidden_16,0.15,0.17011811023622045
embedding_hidden_16,0.155,0.17454724409448819
embedding_hidden_16,0.16,0.17819685039370078
embedding_hidden_16,0.165,0.18300393700787407
embedding_hidden_16,0.17,0.18711023622047246
embedding_hidden_16,0.17500000000000002,0.19208661417322842
embedding_hidden_16,0.18,0.19588188976377952
embedding_hidden_16,0.185,0.20014566929133865
embedding_hidden_16,0.19,0.20397637795275597
embedding_hidden_16,0.195,0.21036614173228346
embedding_hidden_16,0.2,0.21661417322834656
embedding_hidden_16,0.20500000000000002,0.22215354330708662
embedding_hidden_16,0.21,0.22930708661417326
embedding_hidden_16,0.215,0.2337677165354331
embedding_hidden_16,0.22,0.23870866141732278
embedding_hidden_16,0.225,0.2462795275590551
embedding_hidden_16,0.23,0.2499763779527559
embedding_hidden_16,0.23500000000000001,0.2547598425196851
embedding_hidden_16,0.24,0.2598661417322835
embedding_hidden_16,0.245,0.26451968503937007
embedding_hidden_16,0.25,0.2692913385826771
embedding_hidden_16,0.255,0.2732913385826771
embedding_hidden_16,0.26,0.2788503937007874
embedding_hidden_16,0.265,0.28347637795275593
embedding_hidden_16,0.27,0.2896377952755906
embedding_hidden_16,0.275,0.2969685039370079
embedding_hidden_16,0.28,0.30042519685039365
embedding_hidden_16,0.28500000000000003,0.3053425196850394
embedding_hidden_16,0.29,0.3113228346456693
embedding_hidden_16,0.295,0.31631496062992126
embedding_hidden_16,0.3,0.3204724409448819
embedding_hidden_16,0.305,0.3271732283464567
embedding_hidden_16,0.31,0.33448818897637794
embedding_hidden_16,0.315,0.3390236220472441
embedding_hidden_16,0.32,0.3448897637795277
embedding_hidden_16,0.325,0.35009842519685047
embedding_hidden_16,0.33,0.3548897637795276
embedding_hidden_16,0.335,0.35867716535433064
embedding_hidden_16,0.34,0.36229921259842524
embedding_hidden_16,0.34500000000000003,0.3681417322834646
embedding_hidden_16,0.35000000000000003,0.37370078740157486
embedding_hidden_16,0.355,0.3775748031496062
embedding_hidden_16,0.36,0.3846614173228346
embedding_hidden_16,0.365,0.3903110236220472
embedding_hidden_16,0.37,0.39480314960629914
embedding_hidden_16,0.375,0.39891732283464576
embedding_hidden_16,0.38,0.40298425196850396
embedding_hidden_16,0.385,0.4061456692913386
embedding_hidden_16,0.39,0.41069291338582686
embedding_hidden_16,0.395,0.4169094488188976
embedding_hidden_16,0.4,0.4216929133858268
embedding_hidden_16,0.405,0.4275944881889764
embedding_hidden_16,0.41000000000000003,0.43218110236220486
embedding_hidden_16,0.41500000000000004,0.4392834645669291
embedding_hidden_16,0.42,0.44196062992125995
embedding_hidden_16,0.425,0.44722440944881886
embedding_hidden_16,0.43,0.4511259842519685
embedding_hidden_16,0.435,0.4595787401574804
embedding_hidden_16,0.44,0.4633149606299213
embedding_hidden_16,0.445,0.46907480314960626
embedding_hidden_16,0.45,0.47748031496063004
embedding_hidden_16,0.455,0.4825629921259843
embedding_hidden_16,0.46,0.48551968503937015
embedding_hidden_16,0.465,0.4896299212598425
embedding_hidden_16,0.47000000000000003,0.49327559055118114
embedding_hidden_16,0.47500000000000003,0.49708661417322847
embedding_hidden_16,0.48,0.5020787401574803
embedding_hidden_16,0.485,0.5060905511811022
embedding_hidden_16,0.49,0.51448031496063
embedding_hidden_16,0.495,0.5187283464566929
embedding_hidden_16,0.5,0.5236220472440944
embedding_hidden_16,0.505,0.5291377952755905
embedding_hidden_16,0.51,0.5338031496062992
embedding_hidden_16,0.515,0.5400196850393701
embedding_hidden_16,0.52,0.5464409448818898
embedding_hidden_16,0.525,0.5515551181102362
embedding_hidden_16,0.53,0.5546535433070867
embedding_hidden_16,0.535,0.5590354330708661
embedding_hidden_16,0.54,0.5612598425196851
embedding_hidden_16,0.545,0.5664566929133857
embedding_hidden_16,0.55,0.5690944881889763
embedding_hidden_16,0.555,0.5754133858267717
embedding_hidden_16,0.56,0.581755905511811
embedding_hidden_16,0.5650000000000001,0.5854566929133859
embedding_hidden_16,0.5700000000000001,0.5883070866141733
embedding_hidden_16,0.5750000000000001,0.5939370078740158
embedding_hidden_16,0.58,0.5996850393700786
embedding_hidden_16,0.585,0.6036102362204724
embedding_hidden_16,0.59,0.6080472440944882
embedding_hidden_16,0.595,0.6099527559055118
embedding_hidden_16,0.6,0.6149999999999999
embedding_hidden_16,0.605,0.6244212598425196
embedding_hidden_16,0.61,0.629291338582677
embedding_hidden_16,0.615,0.6329960629921259
embedding_hidden_16,0.62,0.6381181102362204
embedding_hidden_16,0.625,0.6418307086614173
embedding_hidden_16,0.63,0.6441574803149607
embedding_hidden_16,0.635,0.6479606299212598
embedding_hidden_16,0.64,0.6523543307086614
embedding_hidden_16,0.645,0.6580511811023623
embedding_hidden_16,0.65,0.6629133858267716
embedding_hidden_16,0.655,0.6659370078740158
embedding_hidden_16,0.66,0.6708267716535431
embedding_hidden_16,0.665,0.6748228346456691
embedding_hidden_16,0.67,0.6773385826771652
embedding_hidden_16,0.675,0.684251968503937
embedding_hidden_16,0.68,0.6912834645669291
embedding_hidden_16,0.685,0.6981653543307088
embedding_hidden_16,0.6900000000000001,0.7058503937007874
embedding_hidden_16,0.6950000000000001,0.7097755905511811
embedding_hidden_16,0.7000000000000001,0.7138582677165355
embedding_hidden_16,0.705,0.716251968503937
embedding_hidden_16,0.71,0.7189133858267717
embedding_hidden_16,0.715,0.7245354330708661
embedding_hidden_16,0.72,0.7295511811023623
embedding_hidden_16,0.725,0.735236220472441
embedding_hidden_16,0.73,0.7433307086614171
embedding_hidden_16,0.735,0.7471771653543307
embedding_hidden_16,0.74,0.7539133858267715
embedding_hidden_16,0.745,0.7556771653543308
embedding_hidden_16,0.75,0.7594488188976378
embedding_hidden_16,0.755,0.7642519685039371
embedding_hidden_16,0.76,0.7688740157480315
embedding_hidden_16,0.765,0.772732283464567
embedding_hidden_16,0.77,0.7760000000000001
embedding_hidden_16,0.775,0.7810039370078741
embedding_hidden_16,0.78,0.7841338582677166
embedding_hidden_16,0.785,0.7892637795275591
embedding_hidden_16,0.79,0.7920393700787403
embedding_hidden_16,0.795,0.7986889763779527
embedding_hidden_16,0.8,0.8051574803149608
embedding_hidden_16,0.805,0.8110905511811024
embedding_hidden_16,0.81,0.8162834645669292
embedding_hidden_16,0.8150000000000001,0.8240472440944883
embedding_hidden_16,0.8200000000000001,0.8280708661417323
embedding_hidden_16,0.8250000000000001,0.8316338582677167
embedding_hidden_16,0.8300000000000001,0.8374094488188979
embedding_hidden_16,0.835,0.8393858267716536
embedding_hidden_16,0.84,0.8441338582677165
embedding_hidden_16,0.845,0.8491771653543306
embedding_hidden_16,0.85,0.8520866141732283
embedding_hidden_16,0.855,0.8569055118110237
embedding_hidden_16,0.86,0.8621653543307086
embedding_hidden_16,0.865,0.8678700787401574
embedding_hidden_16,0.87,0.8721732283464567
embedding_hidden_16,0.875,0.8749015748031497
embedding_hidden_16,0.88,0.8787952755905513
embedding_hidden_16,0.885,0.8847007874015749
embedding_hidden_16,0.89,0.8888740157480315
embedding_hidden_16,0.895,0.8915905511811024
embedding_hidden_16,0.9,0.8946062992125985
embedding_hidden_16,0.905,0.9001062992125985
embedding_hidden_16,0.91,0.9062598425196852
embedding_hidden_16,0.915,0.9113307086614173
embedding_hidden_16,0.92,0.915724409448819
embedding_hidden_16,0.925,0.9214370078740158
embedding_hidden_16,0.93,0.9276614173228348
embedding_hidden_16,0.935,0.933992125984252
embedding_hidden_16,0.9400000000000001,0.9392125984251969
embedding_hidden_16,0.9450000000000001,0.9443976377952756
embedding_hidden_16,0.9500000000000001,0.949488188976378
embedding_hidden_16,0.9550000000000001,0.9539055118110238
embedding_hidden_16,0.96,0.9579685039370078
embedding_hidden_16,0.965,0.9629645669291339
embedding_hidden_16,0.97,0.9669842519685037
embedding_hidden_16,0.975,0.9699409448818896
embedding_hidden_16,0.98,0.9776456692913387
embedding_hidden_16,0.985,0.9851220472440945
embedding_hidden_16,0.99,0.98851968503937
embedding_hidden_16,0.995,0.9931220472440947
embedding_hidden_16,1.0,0.9994422572178477
embedding_hidden_32,0.0,0.001377952755905495
embedding_hidden_32,0.005,0.008196850393700782
embedding_hidden_32,0.01,0.015425196850393761
embedding_hidden_32,0.015,0.022799212598425204
embedding_hidden_32,0.02,0.028204724409448788
embedding_hidden_32,0.025,0.03342519685039375
embedding_hidden_32,0.03,0.040133858267716524
embedding_hidden_32,0.035,0.04571653543307085
embedding_hidden_32,0.04,0.05042519685039374
embedding_hidden_32,0.045,0.05526377952755901
embedding_hidden_32,0.05,0.06023622047244097
embedding_hidden_32,0.055,0.06948425196850402
embedding_hidden_32,0.06,0.07494488188976375
embedding_hidden_32,0.065,0.07955511811023622
embedding_hidden_32,0.07,0.08413385826771656
embedding_hidden_32,0.075,0.08877952755905509
embedding_hidden_32,0.08,0.09392125984251967
embedding_hidden_32,0.085,0.09929921259842522
embedding_hidden_32,0.09,0.10369291338582678
embedding_hidden_32,0.095,0.10651181102362206
embedding_hidden_32,0.1,0.10980314960629925
embedding_hidden_32,0.105,0.11753543307086611
embedding_hidden_32,0.11,0.1223779527559055
embedding_hidden_32,0.115,0.1292047244094488
embedding_hidden_32,0.12,0.13377952755905514
embedding_hidden_32,0.125,0.1377952755905512
embedding_hidden_32,0.13,0.14018897637795277
embedding_hidden_32,0.135,0.1453937007874016
embedding_hidden_32,0.14,0.15377165354330719
embedding_hidden_32,0.145,0.16042125984251968
embedding_hidden_32,0.15,0.16444881889763777
embedding_hidden_32,0.155,0.1695157480314961
embedding_hidden_32,0.16,0.1726850393700787
embedding_hidden_32,0.165,0.17743700787401573
embedding_hidden_32,0.17,0.18383464566929136
embedding_hidden_32,0.17500000000000002,0.18856299212598432
embedding_hidden_32,0.18,0.19369291338582678
embedding_hidden_32,0.185,0.2009133858267717
embedding_hidden_32,0.19,0.20792913385826775
embedding_hidden_32,0.195,0.2143267716535433
embedding_hidden_32,0.2,0.22059055118110246
embedding_hidden_32,0.20500000000000002,0.2275551181102362
embedding_hidden_32,0.21,0.23224409448818895
embedding_hidden_32,0.215,0.23566929133858272
embedding_hidden_32,0.22,0.2418031496062992
embedding_hidden_32,0.225,0.24614173228346456
embedding_hidden_32,0.23,0.2511653543307087
embedding_hidden_32,0.23500000000000001,0.2553700787401575
embedding_hidden_32,0.24,0.26044094488188974
embedding_hidden_32,0.245,0.2638070866141733
embedding_hidden_32,0.25,0.2683070866141732
embedding_hidden_32,0.255,0.27405118110236226
embedding_hidden_32,0.26,0.28025984251968505
embedding_hidden_32,0.265,0.28520078740157484
embedding_hidden_32,0.27,0.2908976377952756
embedding_hidden_32,0.275,0.2957283464566929
embedding_hidden_32,0.28,0.30097637795275584
embedding_hidden_32,0.28500000000000003,0.3056259842519685
embedding_hidden_32,0.29,0.3090944881889764
embedding_hidden_32,0.295,0.3141496062992125
embedding_hidden_32,0.3,0.31704724409448815
embedding_hidden_32,0.305,0.3215472440944881
embedding_hidden_32,0.31,0.3246929133858267
embedding_hidden_32,0.315,0.3297874015748032
embedding_hidden_32,0.32,0.33714960629921265
embedding_hidden_32,0.325,0.344507874015748
embedding_hidden_32,0.33,0.351007874015748
embedding_hidden_32,0.335,0.3570472440944882
embedding_hidden_32,0.34,0.3615433070866142
embedding_hidden_32,0.34500000000000003,0.3711889763779529
embedding_hidden_32,0.35000000000000003,0.37527559055118115
embedding_hidden_32,0.355,0.37796850393700787
embedding_hidden_32,0.36,0.3823622047244094
embedding_hidden_32,0.365,0.38637401574803143
embedding_hidden_32,0.37,0.3885590551181101
embedding_hidden_32,0.375,0.39301181102362215
embedding_hidden_32,0.38,0.3973070866141732
embedding_hidden_32,0.385,0.4017637795275591
embedding_hidden_32,0.39,0.40660629921259855
embedding_hidden_32,0.395,0.4138897637795275
embedding_hidden_32,0.4,0.42078740157480315
embedding_hidden_32,0.405,0.42477952755905524
embedding_hidden_32,0.41000000000000003,0.4314566929133859
embedding_hidden_32,0.41500000000000004,0.436259842519685
embedding_hidden_32,0.42,0.4416850393700787
embedding_hidden_32,0.425,0.4459645669291338
embedding_hidden_32,0.43,0.4489606299212599
embedding_hidden_32,0.435,0.454503937007874
embedding_hidden_32,0.44,0.45848818897637794
embedding_hidden_32,0.445,0.46051574803149614
embedding_hidden_32,0.45,0.4655118110236221
embedding_hidden_32,0.455,0.46965354330708664
embedding_hidden_32,0.46,0.4734566929133859
embedding_hidden_32,0.465,0.47847244094488195
embedding_hidden_32,0.47000000000000003,0.48348031496063
embedding_hidden_32,0.47500000000000003,0.48612204724409447
embedding_hidden_32,0.48,0.48750393700787403
embedding_hidden_32,0.485,0.49336220472440945
embedding_hidden_32,0.49,0.49674015748031497
embedding_hidden_32,0.495,0.5009960629921261
embedding_hidden_32,0.5,0.5059055118110235
embedding_hidden_32,0.505,0.5107834645669291
embedding_hidden_32,0.51,0.513771653543307
embedding_hidden_32,0.515,0.5189370078740158
embedding_hidden_32,0.52,0.5273149606299212
embedding_hidden_32,0.525,0.5326377952755905
embedding_hidden_32,0.53,0.5394409448818898
embedding_hidden_32,0.535,0.5472952755905511
embedding_hidden_32,0.54,0.5563385826771653
embedding_hidden_32,0.545,0.5613385826771653
embedding_hidden_32,0.55,0.5666535433070866
embedding_hidden_32,0.555,0.5732244094488188
embedding_hidden_32,0.56,0.5807559055118111
embedding_hidden_32,0.5650000000000001,0.5864488188976379
embedding_hidden_32,0.5700000000000001,0.5913700787401577
embedding_hidden_32,0.5750000000000001,0.5951968503937008
embedding_hidden_32,0.58,0.5981968503937007
embedding_hidden_32,0.585,0.6034133858267716
embedding_hidden_32,0.59,0.607488188976378
embedding_hidden_32,0.595,0.6106968503937007
embedding_hidden_32,0.6,0.6161417322834646
embedding_hidden_32,0.605,0.6206141732283463
embedding_hidden_32,0.61,0.6256771653543307
embedding_hidden_32,0.615,0.6316496062992125
embedding_hidden_32,0.62,0.6367007874015747
embedding_hidden_32,0.625,0.6418307086614172
embedding_hidden_32,0.63,0.6459291338582677
embedding_hidden_32,0.635,0.6505511811023622
embedding_hidden_32,0.64,0.6534645669291338
embedding_hidden_32,0.645,0.6559645669291339
embedding_hidden_32,0.65,0.6644881889763781
embedding_hidden_32,0.655,0.6694291338582676
embedding_hidden_32,0.66,0.6718425196850393
embedding_hidden_32,0.665,0.6758070866141732
embedding_hidden_32,0.67,0.6803228346456692
embedding_hidden_32,0.675,0.6875590551181103
embedding_hidden_32,0.68,0.691992125984252
embedding_hidden_32,0.685,0.6938779527559056
embedding_hidden_32,0.6900000000000001,0.6978897637795276
embedding_hidden_32,0.6950000000000001,0.7029094488188977
embedding_hidden_32,0.7000000000000001,0.7089370078740156
embedding_hidden_32,0.705,0.7142244094488188
embedding_hidden_32,0.71,0.7208503937007874
embedding_hidden_32,0.715,0.7247795275590552
embedding_hidden_32,0.72,0.7288661417322835
embedding_hidden_32,0.725,0.7343110236220471
embedding_hidden_32,0.73,0.7397086614173227
embedding_hidden_32,0.735,0.7440275590551181
embedding_hidden_32,0.74,0.7488425196850392
embedding_hidden_32,0.745,0.7521771653543307
embedding_hidden_32,0.75,0.7568897637795275
embedding_hidden_32,0.755,0.7620708661417324
embedding_hidden_32,0.76,0.7673149606299213
embedding_hidden_32,0.765,0.7704448818897638
embedding_hidden_32,0.77,0.7744566929133859
embedding_hidden_32,0.775,0.7812204724409451
embedding_hidden_32,0.78,0.7883700787401575
embedding_hidden_32,0.785,0.7916929133858268
embedding_hidden_32,0.79,0.7987716535433071
embedding_hidden_32,0.795,0.8039960629921259
embedding_hidden_32,0.8,0.8086220472440946
embedding_hidden_32,0.805,0.8135
embedding_hidden_32,0.81,0.8172992125984253
embedding_hidden_32,0.8150000000000001,0.8213070866141733
embedding_hidden_32,0.8200000000000001,0.8260551181102362
embedding_hidden_32,0.8250000000000001,0.8307677165354331
embedding_hidden_32,0.8300000000000001,0.836944881889764
embedding_hidden_32,0.835,0.8434291338582677
embedding_hidden_32,0.84,0.848267716535433
embedding_hidden_32,0.845,0.8524212598425198
embedding_hidden_32,0.85,0.8567716535433071
embedding_hidden_32,0.855,0.8618897637795276
embedding_hidden_32,0.86,0.86651968503937
embedding_hidden_32,0.865,0.8697047244094488
embedding_hidden_32,0.87,0.8725984251968504
embedding_hidden_32,0.875,0.8749015748031497
embedding_hidden_32,0.88,0.878228346456693
embedding_hidden_32,0.885,0.8840787401574804
embedding_hidden_32,0.89,0.8884803149606298
embedding_hidden_32,0.895,0.8923110236220474
embedding_hidden_32,0.9,0.8975590551181103
embedding_hidden_32,0.905,0.901704724409449
embedding_hidden_32,0.91,0.9081417322834644
embedding_hidden_32,0.915,0.9126377952755906
embedding_hidden_32,0.92,0.922015748031496
embedding_hidden_32,0.925,0.928976377952756
embedding_hidden_32,0.93,0.9351417322834645
embedding_hidden_32,0.935,0.93894094488189
embedding_hidden_32,0.9400000000000001,0.942740157480315
embedding_hidden_32,0.9450000000000001,0.9457519685039368
embedding_hidden_32,0.9500000000000001,0.9503149606299214
embedding_hidden_32,0.9550000000000001,0.9542125984251971
embedding_hidden_32,0.96,0.9589448818897639
embedding_hidden_32,0.965,0.961984251968504
embedding_hidden_32,0.97,0.964535433070866
embedding_hidden_32,0.975,0.9705511811023622
embedding_hidden_32,0.98,0.9741889763779529
embedding_hidden_32,0.985,0.9780078740157482
embedding_hidden_32,0.99,0.9840157480314959
embedding_hidden_32,0.995,0.9920748031496063
embedding_hidden_32,1.0,0.9995734908136484
embedding_hidden_64,0.0,0.0011811023622047125
embedding_hidden_64,0.005,0.007181102362204719
embedding_hidden_64,0.01,0.013118110236220473
embedding_hidden_64,0.015,0.019669291338582716
embedding_hidden_64,0.02,0.023669291338582664
embedding_hidden_64,0.025,0.029783464566929135
embedding_hidden_64,0.03,0.038354330708661406
embedding_hidden_64,0.035,0.043791338582677156
embedding_hidden_64,0.04,0.04864566929133864
embedding_hidden_64,0.045,0.05484251968503932
embedding_hidden_64,0.05,0.06011811023622047
embedding_hidden_64,0.055,0.06562992125984254
embedding_hidden_64,0.06,0.0703307086614173
embedding_hidden_64,0.065,0.0762204724409449
embedding_hidden_64,0.07,0.08144094488188977
embedding_hidden_64,0.075,0.08553149606299207
embedding_hidden_64,0.08,0.09027559055118112
embedding_hidden_64,0.085,0.09584251968503946
embedding_hidden_64,0.09,0.10147244094488186
embedding_hidden_64,0.095,0.1075472440944882
embedding_hidden_64,0.1,0.11031496062992126
embedding_hidden_64,0.105,0.11208267716535432
embedding_hidden_64,0.11,0.11651968503937009
embedding_hidden_64,0.115,0.1244685039370079
embedding_hidden_64,0.12,0.1321496062992126
embedding_hidden_64,0.125,0.14133858267716543
embedding_hidden_64,0.13,0.14933070866141743
embedding_hidden_64,0.135,0.15544094488188975
embedding_hidden_64,0.14,0.15968503937007877
embedding_hidden_64,0.145,0.16318503937007872
embedding_hidden_64,0.15,0.16602362204724405
embedding_hidden_64,0.155,0.1698070866141733
embedding_hidden_64,0.16,0.17557480314960633
embedding_hidden_64,0.165,0.1802992125984252
embedding_hidden_64,0.17,0.18431496062992134
embedding_hidden_64,0.17500000000000002,0.18903543307086618
embedding_hidden_64,0.18,0.1929055118110236
embedding_hidden_64,0.185,0.19780314960629924
embedding_hidden_64,0.19,0.20199212598425195
embedding_hidden_64,0.195,0.2060472440944882
embedding_hidden_64,0.2,0.2114566929133858
embedding_hidden_64,0.20500000000000002,0.21821259842519689
embedding_hidden_64,0.21,0.22528346456692913
embedding_hidden_64,0.215,0.23183858267716545
embedding_hidden_64,0.22,0.23751968503937007
embedding_hidden_64,0.225,0.24183070866141732
embedding_hidden_64,0.23,0.24674015748031503
embedding_hidden_64,0.23500000000000001,0.2541220472440945
embedding_hidden_64,0.24,0.25929133858267717
embedding_hidden_64,0.245,0.265003937007874
embedding_hidden_64,0.25,0.26889763779527553
embedding_hidden_64,0.255,0.27520078740157483
embedding_hidden_64,0.26,0.27917322834645686
embedding_hidden_64,0.265,0.28630708661417326
embedding_hidden_64,0.27,0.29155905511811026
embedding_hidden_64,0.275,0.2958070866141732
embedding_hidden_64,0.28,0.30022834645669294
embedding_hidden_64,0.28500000000000003,0.3070511811023623
embedding_hidden_64,0.29,0.31388976377952754
embedding_hidden_64,0.295,0.3171850393700787
embedding_hidden_64,0.3,0.3215354330708662
embedding_hidden_64,0.305,0.32551968503937007
embedding_hidden_64,0.31,0.32860629921259843
embedding_hidden_64,0.315,0.3323307086614174
embedding_hidden_64,0.32,0.3407165354330709
embedding_hidden_64,0.325,0.34525590551181096
embedding_hidden_64,0.33,0.3489842519685039
embedding_hidden_64,0.335,0.3543267716535433
embedding_hidden_64,0.34,0.35948818897637796
embedding_hidden_64,0.34500000000000003,0.363248031496063
embedding_hidden_64,0.35000000000000003,0.36618110236220486
embedding_hidden_64,0.355,0.37285039370078743
embedding_hidden_64,0.36,0.38043307086614175
embedding_hidden_64,0.365,0.38657086614173214
embedding_hidden_64,0.37,0.39280314960629914
embedding_hidden_64,0.375,0.39793307086614166
embedding_hidden_64,0.38,0.40166929133858276
embedding_hidden_64,0.385,0.40650787401574806
embedding_hidden_64,0.39,0.409732283464567
embedding_hidden_64,0.395,0.41449606299212594
embedding_hidden_64,0.4,0.4192519685039371
embedding_hidden_64,0.405,0.42464173228346463
embedding_hidden_64,0.41000000000000003,0.4283937007874016
embedding_hidden_64,0.41500000000000004,0.43379133858267716
embedding_hidden_64,0.42,0.43714173228346465
embedding_hidden_64,0.425,0.4436614173228346
embedding_hidden_64,0.43,0.4485669291338583
embedding_hidden_64,0.435,0.45390157480314963
embedding_hidden_64,0.44,0.45859842519685035
embedding_hidden_64,0.445,0.46359842519685046
embedding_hidden_64,0.45,0.4738188976377954
embedding_hidden_64,0.455,0.4798031496062992
embedding_hidden_64,0.46,0.4848740157480315
embedding_hidden_64,0.465,0.4905472440944882
embedding_hidden_64,0.47000000000000003,0.4947559055118111
embedding_hidden_64,0.47500000000000003,0.5010826771653543
embedding_hidden_64,0.48,0.5041417322834646
embedding_hidden_64,0.485,0.5066811023622046
embedding_hidden_64,0.49,0.5133779527559056
embedding_hidden_64,0.495,0.5183503937007874
embedding_hidden_64,0.5,0.5244094488188976
embedding_hidden_64,0.505,0.5302716535433072
embedding_hidden_64,0.51,0.5328031496062992
embedding_hidden_64,0.515,0.5394291338582677
embedding_hidden_64,0.52,0.5449606299212599
embedding_hidden_64,0.525,0.5518307086614173
embedding_hidden_64,0.53,0.5562834645669292
embedding_hidden_64,0.535,0.5607874015748031
embedding_hidden_64,0.54,0.5654645669291339
embedding_hidden_64,0.545,0.5689291338582677
embedding_hidden_64,0.55,0.5731102362204725
embedding_hidden_64,0.555,0.5761102362204724
embedding_hidden_64,0.56,0.5814488188976379
embedding_hidden_64,0.5650000000000001,0.5860551181102363
embedding_hidden_64,0.5700000000000001,0.59148031496063
embedding_hidden_64,0.5750000000000001,0.5961417322834646
embedding_hidden_64,0.58,0.5996141732283464
embedding_hidden_64,0.585,0.6076377952755905
embedding_hidden_64,0.59,0.6107480314960629
embedding_hidden_64,0.595,0.6149330708661417
embedding_hidden_64,0.6,0.6214566929133857
embedding_hidden_64,0.605,0.6245433070866141
embedding_hidden_64,0.61,0.6284330708661418
embedding_hidden_64,0.615,0.6325511811023622
embedding_hidden_64,0.62,0.6371417322834644
embedding_hidden_64,0.625,0.6417322834645669
embedding_hidden_64,0.63,0.6451496062992126
embedding_hidden_64,0.635,0.6492244094488189
embedding_hidden_64,0.64,0.654244094488189
embedding_hidden_64,0.645,0.6597637795275592
embedding_hidden_64,0.65,0.6633070866141731
embedding_hidden_64,0.655,0.6685236220472441
embedding_hidden_64,0.66,0.6736141732283464
embedding_hidden_64,0.665,0.6773661417322835
embedding_hidden_64,0.67,0.6831732283464567
embedding_hidden_64,0.675,0.6859055118110235
embedding_hidden_64,0.68,0.6889685039370079
embedding_hidden_64,0.685,0.6948267716535433
embedding_hidden_64,0.6900000000000001,0.7011417322834647
embedding_hidden_64,0.6950000000000001,0.7087913385826773
embedding_hidden_64,0.7000000000000001,0.7142519685039371
embedding_hidden_64,0.705,0.7179094488188975
embedding_hidden_64,0.71,0.7235905511811023
embedding_hidden_64,0.715,0.7295669291338582
embedding_hidden_64,0.72,0.7337716535433071
embedding_hidden_64,0.725,0.7362401574803149
embedding_hidden_64,0.73,0.7397401574803149
embedding_hidden_64,0.735,0.7443464566929133
embedding_hidden_64,0.74,0.7482519685039368
embedding_hidden_64,0.745,0.7512244094488191
embedding_hidden_64,0.75,0.7566929133858267
embedding_hidden_64,0.755,0.7639645669291338
embedding_hidden_64,0.76,0.7699527559055118
embedding_hidden_64,0.765,0.7766417322834644
embedding_hidden_64,0.77,0.7810551181102362
embedding_hidden_64,0.775,0.7865551181102362
embedding_hidden_64,0.78,0.7917559055118112
embedding_hidden_64,0.785,0.7970511811023621
embedding_hidden_64,0.79,0.8033228346456693
embedding_hidden_64,0.795,0.8076535433070868
embedding_hidden_64,0.8,0.8106692913385827
embedding_hidden_64,0.805,0.8144960629921261
embedding_hidden_64,0.81,0.8189685039370082
embedding_hidden_64,0.8150000000000001,0.8262047244094489
embedding_hidden_64,0.8200000000000001,0.8341417322834648
embedding_hidden_64,0.8250000000000001,0.8393700787401576
embedding_hidden_64,0.8300000000000001,0.8438661417322836
embedding_hidden_64,0.835,0.8493346456692914
embedding_hidden_64,0.84,0.854992125984252
embedding_hidden_64,0.845,0.8612362204724411
embedding_hidden_64,0.85,0.8664173228346457
embedding_hidden_64,0.855,0.8710039370078742
embedding_hidden_64,0.86,0.8731338582677166
embedding_hidden_64,0.865,0.8779291338582678
embedding_hidden_64,0.87,0.8841811023622048
embedding_hidden_64,0.875,0.8895669291338584
embedding_hidden_64,0.88,0.8935511811023622
embedding_hidden_64,0.885,0.8959291338582679
embedding_hidden_64,0.89,0.8995669291338583
embedding_hidden_64,0.895,0.9046535433070867
embedding_hidden_64,0.9,0.906732283464567
embedding_hidden_64,0.905,0.9110511811023623
embedding_hidden_64,0.91,0.9143622047244095
embedding_hidden_64,0.915,0.9196181102362205
embedding_hidden_64,0.92,0.9284251968503936
embedding_hidden_64,0.925,0.9325787401574803
embedding_hidden_64,0.93,0.9368031496062994
embedding_hidden_64,0.935,0.9414960629921261
embedding_hidden_64,0.9400000000000001,0.9455984251968503
embedding_hidden_64,0.9450000000000001,0.951763779527559
embedding_hidden_64,0.9500000000000001,0.9572047244094488
embedding_hidden_64,0.9550000000000001,0.9621968503937011
embedding_hidden_64,0.96,0.9678740157480317
embedding_hidden_64,0.965,0.9731377952755906
embedding_hidden_64,0.97,0.9759448818897637
embedding_hidden_64,0.975,0.9787007874015747
embedding_hidden_64,0.98,0.9823937007874017
embedding_hidden_64,0.985,0.9868661417322835
embedding_hidden_64,0.99,0.9906062992125984
embedding_hidden_64,0.995,0.9935314960629921
embedding_hidden_64,1.0,0.9993110236220474
embedding_hidden_4,0.0,0.0015748031496062801
embedding_hidden_4,0.005,0.007259842519685054
embedding_hidden_4,0.01,0.014314960629921259
embedding_hidden_4,0.015,0.01901181102362205
embedding_hidden_4,0.02,0.02508661417322832
embedding_hidden_4,0.025,0.030472440944881933
embedding_hidden_4,0.03,0.038173228346456665
embedding_hidden_4,0.035,0.04267716535433069
embedding_hidden_4,0.04,0.0510157480314961
embedding_hidden_4,0.045,0.05748818897637792
embedding_hidden_4,0.05,0.06196850393700787
embedding_hidden_4,0.055,0.06738976377952761
embedding_hidden_4,0.06,0.07220472440944879
embedding_hidden_4,0.065,0.07599999999999996
embedding_hidden_4,0.07,0.07855118110236219
embedding_hidden_4,0.075,0.08279527559055114
embedding_hidden_4,0.08,0.08728346456692915
embedding_hidden_4,0.085,0.09124409448818907
embedding_hidden_4,0.09,0.09787401574803148
embedding_hidden_4,0.095,0.10344488188976386
embedding_hidden_4,0.1,0.11196850393700788
embedding_hidden_4,0.105,0.11668110236220468
embedding_hidden_4,0.11,0.12237795275590553
embedding_hidden_4,0.115,0.1276496062992126
embedding_hidden_4,0.12,0.1324330708661417
embedding_hidden_4,0.125,0.1345472440944882
embedding_hidden_4,0.13,0.13865354330708668
embedding_hidden_4,0.135,0.14222047244094488
embedding_hidden_4,0.14,0.14649606299212603
embedding_hidden_4,0.145,0.1532637795275591
embedding_hidden_4,0.15,0.15720472440944877
embedding_hidden_4,0.155,0.1633267716535433
embedding_hidden_4,0.16,0.166748031496063
embedding_hidden_4,0.165,0.17316141732283463
embedding_hidden_4,0.17,0.17837795275590554
embedding_hidden_4,0.17500000000000002,0.18194881889763784
embedding_hidden_4,0.18,0.1878503937007874
embedding_hidden_4,0.185,0.19365354330708665
embedding_hidden_4,0.19,0.198251968503937
embedding_hidden_4,0.195,0.20324409448818895
embedding_hidden_4,0.2,0.20724409448818898
embedding_hidden_4,0.20500000000000002,0.21067716535433073
embedding_hidden_4,0.21,0.21768503937007871
embedding_hidden_4,0.215,0.22256692913385834
embedding_hidden_4,0.22,0.22861417322834643
embedding_hidden_4,0.225,0.23287401574803152
embedding_hidden_4,0.23,0.2366535433070866
embedding_hidden_4,0.23500000000000001,0.24024015748031496
embedding_hidden_4,0.24,0.24452755905511808
embedding_hidden_4,0.245,0.2508307086614173
embedding_hidden_4,0.25,0.25787401574803154
embedding_hidden_4,0.255,0.2672047244094488
embedding_hidden_4,0.26,0.2720078740157481
embedding_hidden_4,0.265,0.2774488188976378
embedding_hidden_4,0.27,0.2823307086614174
embedding_hidden_4,0.275,0.290511811023622
embedding_hidden_4,0.28,0.2956456692913386
embedding_hidden_4,0.28500000000000003,0.3016456692913386
embedding_hidden_4,0.29,0.3074330708661418
embedding_hidden_4,0.295,0.31268503937007874
embedding_hidden_4,0.3,0.31716535433070864
embedding_hidden_4,0.305,0.3228779527559055
embedding_hidden_4,0.31,0.32644094488188974
embedding_hidden_4,0.315,0.3313228346456693
embedding_hidden_4,0.32,0.3347637795275591
embedding_hidden_4,0.325,0.338740157480315
embedding_hidden_4,0.33,0.3430866141732284
embedding_hidden_4,0.335,0.3498188976377953
embedding_hidden_4,0.34,0.35194488188976375
embedding_hidden_4,0.34500000000000003,0.3558700787401575
embedding_hidden_4,0.35000000000000003,0.359488188976378
embedding_hidden_4,0.355,0.3657007874015748
embedding_hidden_4,0.36,0.3714409448818897
embedding_hidden_4,0.365,0.3767283464566928
embedding_hidden_4,0.37,0.38296850393700776
embedding_hidden_4,0.375,0.38730314960629925
embedding_hidden_4,0.38,0.3923779527559055
embedding_hidden_4,0.385,0.39669685039370084
embedding_hidden_4,0.39,0.4010944881889764
embedding_hidden_4,0.395,0.4051771653543307
embedding_hidden_4,0.4,0.4079527559055117
embedding_hidden_4,0.405,0.41207874015748036
embedding_hidden_4,0.41000000000000003,0.4196692913385828
embedding_hidden_4,0.41500000000000004,0.42516535433070873
embedding_hidden_4,0.42,0.432259842519685
embedding_hidden_4,0.425,0.4347440944881889
embedding_hidden_4,0.43,0.44062992125984257
embedding_hidden_4,0.435,0.4448425196850395
embedding_hidden_4,0.44,0.4515354330708661
embedding_hidden_4,0.445,0.4555944881889764
embedding_hidden_4,0.45,0.46185039370078745
embedding_hidden_4,0.455,0.4689212598425197
embedding_hidden_4,0.46,0.4720000000000001
embedding_hidden_4,0.465,0.47562992125984255
embedding_hidden_4,0.47000000000000003,0.47998425196850397
embedding_hidden_4,0.47500000000000003,0.4859448818897638
embedding_hidden_4,0.48,0.49036220472440945
embedding_hidden_4,0.485,0.4921062992125984
embedding_hidden_4,0.49,0.49495275590551185
embedding_hidden_4,0.495,0.5012086614173229
embedding_hidden_4,0.5,0.5055118110236221
embedding_hidden_4,0.505,0.5097086614173227
embedding_hidden_4,0.51,0.5131023622047244
embedding_hidden_4,0.515,0.5174566929133858
embedding_hidden_4,0.52,0.5231574803149607
embedding_hidden_4,0.525,0.5272637795275592
embedding_hidden_4,0.53,0.5321732283464568
embedding_hidden_4,0.535,0.5366181102362204
embedding_hidden_4,0.54,0.5398661417322834
embedding_hidden_4,0.545,0.5451141732283464
embedding_hidden_4,0.55,0.5518503937007875
embedding_hidden_4,0.555,0.5548385826771653
embedding_hidden_4,0.56,0.5588346456692914
embedding_hidden_4,0.5650000000000001,0.5636141732283464
embedding_hidden_4,0.5700000000000001,0.5678346456692913
embedding_hidden_4,0.5750000000000001,0.5726181102362207
embedding_hidden_4,0.58,0.5798031496062992
embedding_hidden_4,0.585,0.583263779527559
embedding_hidden_4,0.59,0.589267716535433
embedding_hidden_4,0.595,0.594503937007874
embedding_hidden_4,0.6,0.5991732283464567
embedding_hidden_4,0.605,0.6018503937007873
embedding_hidden_4,0.61,0.6061811023622047
embedding_hidden_4,0.615,0.6100275590551181
embedding_hidden_4,0.62,0.6158267716535433
embedding_hidden_4,0.625,0.6241141732283465
embedding_hidden_4,0.63,0.6296062992125984
embedding_hidden_4,0.635,0.6337559055118109
embedding_hidden_4,0.64,0.637984251968504
embedding_hidden_4,0.645,0.6427677165354331
embedding_hidden_4,0.65,0.6486220472440946
embedding_hidden_4,0.655,0.6532283464566929
embedding_hidden_4,0.66,0.6595196850393701
embedding_hidden_4,0.665,0.6638543307086613
embedding_hidden_4,0.67,0.6700708661417323
embedding_hidden_4,0.675,0.6737204724409448
embedding_hidden_4,0.68,0.6787086614173228
embedding_hidden_4,0.685,0.6824606299212599
embedding_hidden_4,0.6900000000000001,0.6875433070866142
embedding_hidden_4,0.6950000000000001,0.6916771653543308
embedding_hidden_4,0.7000000000000001,0.6978740157480315
embedding_hidden_4,0.705,0.7027204724409448
embedding_hidden_4,0.71,0.709220472440945
embedding_hidden_4,0.715,0.7134921259842519
embedding_hidden_4,0.72,0.7161023622047243
embedding_hidden_4,0.725,0.725216535433071
embedding_hidden_4,0.73,0.7292125984251967
embedding_hidden_4,0.735,0.7322913385826771
embedding_hidden_4,0.74,0.7359448818897637
embedding_hidden_4,0.745,0.742787401574803
embedding_hidden_4,0.75,0.7468503937007873
embedding_hidden_4,0.755,0.7518503937007874
embedding_hidden_4,0.76,0.7593622047244093
embedding_hidden_4,0.765,0.7623464566929133
embedding_hidden_4,0.77,0.7665984251968503
embedding_hidden_4,0.775,0.7706299212598425
embedding_hidden_4,0.78,0.7792834645669293
embedding_hidden_4,0.785,0.7889606299212597
embedding_hidden_4,0.79,0.7946614173228348
embedding_hidden_4,0.795,0.7986259842519686
embedding_hidden_4,0.8,0.8009448818897639
embedding_hidden_4,0.805,0.8067007874015749
embedding_hidden_4,0.81,0.8109055118110238
embedding_hidden_4,0.8150000000000001,0.8153818897637797
embedding_hidden_4,0.8200000000000001,0.8191653543307087
embedding_hidden_4,0.8250000000000001,0.8237204724409452
embedding_hidden_4,0.8300000000000001,0.8324566929133861
embedding_hidden_4,0.835,0.8401889763779528
embedding_hidden_4,0.84,0.8460472440944884
embedding_hidden_4,0.845,0.8492716535433071
embedding_hidden_4,0.85,0.8510629921259844
embedding_hidden_4,0.855,0.8553228346456694
embedding_hidden_4,0.86,0.8590393700787402
embedding_hidden_4,0.865,0.863259842519685
embedding_hidden_4,0.87,0.8668818897637796
embedding_hidden_4,0.875,0.8716535433070869
embedding_hidden_4,0.88,0.8744566929133859
embedding_hidden_4,0.885,0.8793858267716536
embedding_hidden_4,0.89,0.8856220472440945
embedding_hidden_4,0.895,0.8898818897637796
embedding_hidden_4,0.9,0.8960236220472441
embedding_hidden_4,0.905,0.900720472440945
embedding_hidden_4,0.91,0.9068740157480315
embedding_hidden_4,0.915,0.9122440944881889
embedding_hidden_4,0.92,0.9203228346456692
embedding_hidden_4,0.925,0.9251771653543306
embedding_hidden_4,0.93,0.9310078740157479
embedding_hidden_4,0.935,0.9338385826771655
embedding_hidden_4,0.9400000000000001,0.9407874015748032
embedding_hidden_4,0.9450000000000001,0.9434015748031495
embedding_hidden_4,0.9500000000000001,0.9472047244094488
embedding_hidden_4,0.9550000000000001,0.9511496062992126
embedding_hidden_4,0.96,0.9571338582677168
embedding_hidden_4,0.965,0.9614803149606299
embedding_hidden_4,0.97,0.9662125984251968
embedding_hidden_4,0.975,0.9730708661417322
embedding_hidden_4,0.98,0.9788188976377954
embedding_hidden_4,0.985,0.9848503937007875
embedding_hidden_4,0.99,0.99
embedding_hidden_4,0.995,0.9931220472440945
embedding_hidden_4,1.0,0.9992782152230972
embedding_hidden_8,0.0,0.0013779527559055
embedding_hidden_8,0.005,0.007181102362204724
embedding_hidden_8,0.01,0.0133464566929134
embedding_hidden_8,0.015,0.0164330708661417
embedding_hidden_8,0.02,0.019503937007874013
embedding_hidden_8,0.025,0.02604330708661417
embedding_hidden_8,0.03,0.03054330708661413
embedding_hidden_8,0.035,0.03646850393700789
embedding_hidden_8,0.04,0.042889763779527565
embedding_hidden_8,0.045,0.047673228346456646
embedding_hidden_8,0.05,0.052716535433070845
embedding_hidden_8,0.055,0.057350393700787414
embedding_hidden_8,0.06,0.06225196850393697
embedding_hidden_8,0.065,0.07051968503937009
embedding_hidden_8,0.07,0.07568503937007873
embedding_hidden_8,0.075,0.07868110236220469
embedding_hidden_8,0.08,0.08515748031496066
embedding_hidden_8,0.085,0.09051181102362212
embedding_hidden_8,0.09,0.0972047244094488
embedding_hidden_8,0.095,0.10291732283464569
embedding_hidden_8,0.1,0.10692913385826774
embedding_hidden_8,0.105,0.1111062992125984
embedding_hidden_8,0.11,0.11837007874015752
embedding_hidden_8,0.115,0.12303937007874015
embedding_hidden_8,0.12,0.12922834645669287
embedding_hidden_8,0.125,0.13533464566929138
embedding_hidden_8,0.13,0.13960629921259846
embedding_hidden_8,0.135,0.14400393700787403
embedding_hidden_8,0.14,0.14927559055118117
embedding_hidden_8,0.145,0.15522440944881893
embedding_hidden_8,0.15,0.1633858267716535
embedding_hidden_8,0.155,0.17035433070866146
embedding_hidden_8,0.16,0.1744566929133858
embedding_hidden_8,0.165,0.17926377952755906
embedding_hidden_8,0.17,0.18315748031496062
embedding_hidden_8,0.17500000000000002,0.18925196850393716
embedding_hidden_8,0.18,0.19284251968503935
embedding_hidden_8,0.185,0.1954409448818898
embedding_hidden_8,0.19,0.20142519685039373
embedding_hidden_8,0.195,0.20600000000000004
embedding_hidden_8,0.2,0.209488188976378
embedding_hidden_8,0.20500000000000002,0.21391338582677166
embedding_hidden_8,0.21,0.21879527559055117
embedding_hidden_8,0.215,0.22549606299212605
embedding_hidden_8,0.22,0.23235433070866138
embedding_hidden_8,0.225,0.2363385826771654
embedding_hidden_8,0.23,0.240755905511811
embedding_hidden_8,0.23500000000000001,0.2455354330708662
embedding_hidden_8,0.24,0.25184251968503935
embedding_hidden_8,0.245,0.2546929133858267
embedding_hidden_8,0.25,0.25925196850393695
embedding_hidden_8,0.255,0.2636456692913386
embedding_hidden_8,0.26,0.2666771653543308
embedding_hidden_8,0.265,0.2709330708661417
embedding_hidden_8,0.27,0.27603149606299215
embedding_hidden_8,0.275,0.28027559055118106
embedding_hidden_8,0.28,0.2829606299212598
embedding_hidden_8,0.28500000000000003,0.28810629921259845
embedding_hidden_8,0.29,0.2926850393700788
embedding_hidden_8,0.295,0.2991338582677165
embedding_hidden_8,0.3,0.3044094488188976
embedding_hidden_8,0.305,0.30799999999999994
embedding_hidden_8,0.31,0.3112834645669291
embedding_hidden_8,0.315,0.3195433070866142
embedding_hidden_8,0.32,0.32564566929133865
embedding_hidden_8,0.325,0.3308858267716536
embedding_hidden_8,0.33,0.3366771653543307
embedding_hidden_8,0.335,0.34047637795275587
embedding_hidden_8,0.34,0.344496062992126
embedding_hidden_8,0.34500000000000003,0.3504251968503938
embedding_hidden_8,0.35000000000000003,0.3557086614173229
embedding_hidden_8,0.355,0.361759842519685
embedding_hidden_8,0.36,0.3672125984251969
embedding_hidden_8,0.365,0.3761889763779527
embedding_hidden_8,0.37,0.3814173228346457
embedding_hidden_8,0.375,0.38858267716535433
embedding_hidden_8,0.38,0.3918031496062992
embedding_hidden_8,0.385,0.3960748031496063
embedding_hidden_8,0.39,0.3999370078740158
embedding_hidden_8,0.395,0.40674015748031495
embedding_hidden_8,0.4,0.41330708661417326
embedding_hidden_8,0.405,0.41671653543307097
embedding_hidden_8,0.41000000000000003,0.42139370078740157
embedding_hidden_8,0.41500000000000004,0.4245551181102362
embedding_hidden_8,0.42,0.4296220472440946
embedding_hidden_8,0.425,0.4348818897637795
embedding_hidden_8,0.43,0.4397322834645669
embedding_hidden_8,0.435,0.4456299212598426
embedding_hidden_8,0.44,0.4519212598425197
embedding_hidden_8,0.445,0.4563937007874016
embedding_hidden_8,0.45,0.4606692913385827
embedding_hidden_8,0.455,0.4636614173228346
embedding_hidden_8,0.46,0.4709685039370079
embedding_hidden_8,0.465,0.47512992125984255
embedding_hidden_8,0.47000000000000003,0.4789606299212599
embedding_hidden_8,0.47500000000000003,0.4833267716535433
embedding_hidden_8,0.48,0.48846456692913387
embedding_hidden_8,0.485,0.49497244094488185
embedding_hidden_8,0.49,0.49911811023622044
embedding_hidden_8,0.495,0.5063267716535433
embedding_hidden_8,0.5,0.5106299212598424
embedding_hidden_8,0.505,0.5164763779527559
embedding_hidden_8,0.51,0.5210236220472442
embedding_hidden_8,0.515,0.525732283464567
embedding_hidden_8,0.52,0.5313700787401576
embedding_hidden_8,0.525,0.5399015748031497
embedding_hidden_8,0.53,0.5456929133858269
embedding_hidden_8,0.535,0.5500905511811023
embedding_hidden_8,0.54,0.5547637795275591
embedding_hidden_8,0.545,0.5588622047244094
embedding_hidden_8,0.55,0.5629527559055119
embedding_hidden_8,0.555,0.5675866141732284
embedding_hidden_8,0.56,0.572228346456693
embedding_hidden_8,0.5650000000000001,0.5748188976377954
embedding_hidden_8,0.5700000000000001,0.5784645669291338
embedding_hidden_8,0.5750000000000001,0.5845669291338582
embedding_hidden_8,0.58,0.5907401574803149
embedding_hidden_8,0.585,0.5988503937007874
embedding_hidden_8,0.59,0.6053858267716536
embedding_hidden_8,0.595,0.6109881889763779
embedding_hidden_8,0.6,0.6160629921259841
embedding_hidden_8,0.605,0.6201535433070866
embedding_hidden_8,0.61,0.6262440944881889
embedding_hidden_8,0.615,0.6323346456692913
embedding_hidden_8,0.62,0.6367322834645669
embedding_hidden_8,0.625,0.6420275590551181
embedding_hidden_8,0.63,0.6468976377952755
embedding_hidden_8,0.635,0.6500118110236219
embedding_hidden_8,0.64,0.6554488188976378
embedding_hidden_8,0.645,0.6605590551181101
embedding_hidden_8,0.65,0.6668503937007874
embedding_hidden_8,0.655,0.6718858267716535
embedding_hidden_8,0.66,0.6765905511811023
embedding_hidden_8,0.665,0.6819645669291338
embedding_hidden_8,0.67,0.6847480314960629
embedding_hidden_8,0.675,0.6892125984251969
embedding_hidden_8,0.68,0.6934330708661417
embedding_hidden_8,0.685,0.6964291338582677
embedding_hidden_8,0.6900000000000001,0.7009370078740157
embedding_hidden_8,0.6950000000000001,0.707216535433071
embedding_hidden_8,0.7000000000000001,0.7114566929133858
embedding_hidden_8,0.705,0.7158031496062991
embedding_hidden_8,0.71,0.7196535433070868
embedding_hidden_8,0.715,0.7263307086614172
embedding_hidden_8,0.72,0.7302283464566929
embedding_hidden_8,0.725,0.7359251968503935
embedding_hidden_8,0.73,0.7432283464566928
embedding_hidden_8,0.735,0.74848031496063
embedding_hidden_8,0.74,0.7509055118110236
embedding_hidden_8,0.745,0.7566732283464568
embedding_hidden_8,0.75,0.7612204724409448
embedding_hidden_8,0.755,0.7637047244094489
embedding_hidden_8,0.76,0.7682834645669292
embedding_hidden_8,0.765,0.7732952755905513
embedding_hidden_8,0.77,0.7781653543307089
embedding_hidden_8,0.775,0.7836614173228347
embedding_hidden_8,0.78,0.7891023622047244
embedding_hidden_8,0.785,0.7945354330708663
embedding_hidden_8,0.79,0.7987322834645669
embedding_hidden_8,0.795,0.8021968503937009
embedding_hidden_8,0.8,0.8062992125984254
embedding_hidden_8,0.805,0.8133700787401577
embedding_hidden_8,0.81,0.8208267716535437
embedding_hidden_8,0.8150000000000001,0.8256259842519686
embedding_hidden_8,0.8200000000000001,0.8299055118110237
embedding_hidden_8,0.8250000000000001,0.8319488188976379
embedding_hidden_8,0.8300000000000001,0.8345984251968506
embedding_hidden_8,0.835,0.8388307086614175
embedding_hidden_8,0.84,0.8419370078740158
embedding_hidden_8,0.845,0.8468661417322834
embedding_hidden_8,0.85,0.8516535433070865
embedding_hidden_8,0.855,0.8559212598425197
embedding_hidden_8,0.86,0.8634015748031496
embedding_hidden_8,0.865,0.8687086614173228
embedding_hidden_8,0.87,0.8764251968503937
embedding_hidden_8,0.875,0.8813976377952756
embedding_hidden_8,0.88,0.8856692913385826
embedding_hidden_8,0.885,0.8885629921259841
embedding_hidden_8,0.89,0.8930551181102361
embedding_hidden_8,0.895,0.898732283464567
embedding_hidden_8,0.9,0.9025984251968504
embedding_hidden_8,0.905,0.9053937007874016
embedding_hidden_8,0.91,0.9096535433070866
embedding_hidden_8,0.915,0.9193149606299211
embedding_hidden_8,0.92,0.9240393700787403
embedding_hidden_8,0.925,0.9320078740157479
embedding_hidden_8,0.93,0.9372755905511811
embedding_hidden_8,0.935,0.9448425196850394
embedding_hidden_8,0.9400000000000001,0.948952755905512
embedding_hidden_8,0.9450000000000001,0.9534173228346455
embedding_hidden_8,0.9500000000000001,0.9570866141732284
embedding_hidden_8,0.9550000000000001,0.9606811023622048
embedding_hidden_8,0.96,0.9651181102362205
embedding_hidden_8,0.965,0.9694409448818897
embedding_hidden_8,0.97,0.9726535433070864
embedding_hidden_8,0.975,0.9759251968503936
embedding_hidden_8,0.98,0.9811181102362208
embedding_hidden_8,0.985,0.9858346456692914
embedding_hidden_8,0.99,0.9899842519685038
embedding_hidden_8,0.995,0.9939251968503937
embedding_hidden_8,1.0,0.9991797900262467
