ablation_name,recall,mean_precision
weighted_bce,0.0,0.6666666666666666
weighted_bce,0.005,0.6082604603729587
weighted_bce,0.01,0.5106106071706067
weighted_bce,0.015,0.5159065734918682
weighted_bce,0.02,0.5216715533749587
weighted_bce,0.025,0.5064087987565322
weighted_bce,0.03,0.5029898168255246
weighted_bce,0.035,0.4988732983575404
weighted_bce,0.04,0.48561696164924095
weighted_bce,0.045,0.46053379478902484
weighted_bce,0.05,0.44462893701198636
weighted_bce,0.055,0.4351939115457163
weighted_bce,0.06,0.42390809273124636
weighted_bce,0.065,0.41253358329044565
weighted_bce,0.07,0.4022479249777068
weighted_bce,0.075,0.40264447466162173
weighted_bce,0.08,0.3950299043710943
weighted_bce,0.085,0.3901232318723711
weighted_bce,0.09,0.39176886413770184
weighted_bce,0.095,0.3863151851962553
weighted_bce,0.1,0.3850373418524539
weighted_bce,0.105,0.38538545786599104
weighted_bce,0.11,0.3849609343872573
weighted_bce,0.115,0.3838056214024232
weighted_bce,0.12,0.38514772337103664
weighted_bce,0.125,0.3857427650211454
weighted_bce,0.13,0.38293883911554205
weighted_bce,0.135,0.3829630759605231
weighted_bce,0.14,0.383293187499438
weighted_bce,0.145,0.38213977424048573
weighted_bce,0.15,0.3848757004160287
weighted_bce,0.155,0.3824331392514572
weighted_bce,0.16,0.3758888408409837
weighted_bce,0.165,0.37428530354681355
weighted_bce,0.17,0.376316563116868
weighted_bce,0.17500000000000002,0.3776827301396466
weighted_bce,0.18,0.37795080723237734
weighted_bce,0.185,0.37811463785462684
weighted_bce,0.19,0.3770609773464023
weighted_bce,0.195,0.37500396788514323
weighted_bce,0.2,0.3726601544937082
weighted_bce,0.20500000000000002,0.37293997977536014
weighted_bce,0.21,0.37503804909942806
weighted_bce,0.215,0.37585503078832394
weighted_bce,0.22,0.37434720511402647
weighted_bce,0.225,0.3729157091922261
weighted_bce,0.23,0.3713899976059074
weighted_bce,0.23500000000000001,0.37048240604843485
weighted_bce,0.24,0.3684912403406665
weighted_bce,0.245,0.36750956269565166
weighted_bce,0.25,0.3691688897281878
weighted_bce,0.255,0.369668457302747
weighted_bce,0.26,0.36891103174255446
weighted_bce,0.265,0.36913251022084476
weighted_bce,0.27,0.36876803485072945
weighted_bce,0.275,0.36980013249442006
weighted_bce,0.28,0.3711641969666091
weighted_bce,0.28500000000000003,0.3715586941832177
weighted_bce,0.29,0.3708069783971874
weighted_bce,0.295,0.368683118615663
weighted_bce,0.3,0.36802923965655965
weighted_bce,0.305,0.3685885615812382
weighted_bce,0.31,0.36876961921636486
weighted_bce,0.315,0.36991504352716315
weighted_bce,0.32,0.3694250383137817
weighted_bce,0.325,0.3697080751150329
weighted_bce,0.33,0.37081478331325274
weighted_bce,0.335,0.3704840443719692
weighted_bce,0.34,0.3700652842461974
weighted_bce,0.34500000000000003,0.370236910213804
weighted_bce,0.35000000000000003,0.36993607041478793
weighted_bce,0.355,0.36922548722287124
weighted_bce,0.36,0.36787928312205687
weighted_bce,0.365,0.3669250836152779
weighted_bce,0.37,0.3660725225832494
weighted_bce,0.375,0.36654205153627495
weighted_bce,0.38,0.3672223920356839
weighted_bce,0.385,0.36646389931761997
weighted_bce,0.39,0.36431782735109425
weighted_bce,0.395,0.36327317375788165
weighted_bce,0.4,0.362836901173917
weighted_bce,0.405,0.3626325393738511
weighted_bce,0.41000000000000003,0.3623584805726478
weighted_bce,0.41500000000000004,0.36190650397921365
weighted_bce,0.42,0.3611907994347866
weighted_bce,0.425,0.3613232849859772
weighted_bce,0.43,0.36120792820079334
weighted_bce,0.435,0.3603761288012511
weighted_bce,0.44,0.35930898615818935
weighted_bce,0.445,0.3569646973717074
weighted_bce,0.45,0.3549443663158396
weighted_bce,0.455,0.3536679229966407
weighted_bce,0.46,0.3532353368787671
weighted_bce,0.465,0.35185840233102217
weighted_bce,0.47000000000000003,0.35062525241696835
weighted_bce,0.47500000000000003,0.34982775125564464
weighted_bce,0.48,0.3483692682734715
weighted_bce,0.485,0.3473007073251196
weighted_bce,0.49,0.3463252473534245
weighted_bce,0.495,0.3455314493510404
weighted_bce,0.5,0.3450381701825975
weighted_bce,0.505,0.34389092888047895
weighted_bce,0.51,0.3433438965772483
weighted_bce,0.515,0.3435290863934477
weighted_bce,0.52,0.3436060343021876
weighted_bce,0.525,0.3431694584643988
weighted_bce,0.53,0.3435138670720589
weighted_bce,0.535,0.3442548238436845
weighted_bce,0.54,0.34544320551109947
weighted_bce,0.545,0.346032452554292
weighted_bce,0.55,0.34616955874092137
weighted_bce,0.555,0.3462634558607188
weighted_bce,0.56,0.34654920907350584
weighted_bce,0.5650000000000001,0.347005523372682
weighted_bce,0.5700000000000001,0.34751477058540037
weighted_bce,0.5750000000000001,0.3477996558778068
weighted_bce,0.58,0.3477443650313268
weighted_bce,0.585,0.34755245386689204
weighted_bce,0.59,0.3469820083012022
weighted_bce,0.595,0.34667522426162123
weighted_bce,0.6,0.3463471320001941
weighted_bce,0.605,0.3460768301695313
weighted_bce,0.61,0.346603230039119
weighted_bce,0.615,0.34632240769807304
weighted_bce,0.62,0.3455285966324079
weighted_bce,0.625,0.3451014818838306
weighted_bce,0.63,0.34500378125550835
weighted_bce,0.635,0.3452291996212079
weighted_bce,0.64,0.34564259457064594
weighted_bce,0.645,0.346039276550503
weighted_bce,0.65,0.34590709348613585
weighted_bce,0.655,0.34549036965479557
weighted_bce,0.66,0.3446019866822851
weighted_bce,0.665,0.34418224417035465
weighted_bce,0.67,0.34432760941595186
weighted_bce,0.675,0.34402232171997726
weighted_bce,0.68,0.3440583968737184
weighted_bce,0.685,0.34407259138231133
weighted_bce,0.6900000000000001,0.34368064821216293
weighted_bce,0.6950000000000001,0.34307894042215203
weighted_bce,0.7000000000000001,0.3423358519107578
weighted_bce,0.705,0.34160276327391653
weighted_bce,0.71,0.34140336234239943
weighted_bce,0.715,0.3414940539460198
weighted_bce,0.72,0.34174613879889587
weighted_bce,0.725,0.34174458469582153
weighted_bce,0.73,0.3415090871095102
weighted_bce,0.735,0.3408968946762514
weighted_bce,0.74,0.34057443354859374
weighted_bce,0.745,0.3397966321467523
weighted_bce,0.75,0.33934088909027893
weighted_bce,0.755,0.33971122308380075
weighted_bce,0.76,0.33924827445250305
weighted_bce,0.765,0.33766113513551177
weighted_bce,0.77,0.33683285806257107
weighted_bce,0.775,0.33666321611344485
weighted_bce,0.78,0.33638285803320916
weighted_bce,0.785,0.33627468879704614
weighted_bce,0.79,0.33621737172409066
weighted_bce,0.795,0.3356065388207771
weighted_bce,0.8,0.3356172699423869
weighted_bce,0.805,0.3358596397518978
weighted_bce,0.81,0.33568759794360137
weighted_bce,0.8150000000000001,0.33510151561216867
weighted_bce,0.8200000000000001,0.33385744939387396
weighted_bce,0.8250000000000001,0.3332405240638875
weighted_bce,0.8300000000000001,0.3337037945283962
weighted_bce,0.835,0.3338227222119248
weighted_bce,0.84,0.33387829134499597
weighted_bce,0.845,0.3339966932705659
weighted_bce,0.85,0.33370801494643554
weighted_bce,0.855,0.33377327609144053
weighted_bce,0.86,0.3340565711307192
weighted_bce,0.865,0.3345070896184444
weighted_bce,0.87,0.3348213887943368
weighted_bce,0.875,0.33533278767756486
weighted_bce,0.88,0.3360583479034266
weighted_bce,0.885,0.3365707084667372
weighted_bce,0.89,0.33639155501110163
weighted_bce,0.895,0.3360618684656487
weighted_bce,0.9,0.33578834297250404
weighted_bce,0.905,0.33576203584884146
weighted_bce,0.91,0.3360152085661855
weighted_bce,0.915,0.3356531877718917
weighted_bce,0.92,0.3356558744290635
weighted_bce,0.925,0.33556862260316933
weighted_bce,0.93,0.33525341192434877
weighted_bce,0.935,0.3355342596599851
weighted_bce,0.9400000000000001,0.33583847936384614
weighted_bce,0.9450000000000001,0.3358945212399017
weighted_bce,0.9500000000000001,0.3360958122081428
weighted_bce,0.9550000000000001,0.33623070588696474
weighted_bce,0.96,0.33593254292951436
weighted_bce,0.965,0.33563656030662237
weighted_bce,0.97,0.3359334460942025
weighted_bce,0.975,0.3360006947633615
weighted_bce,0.98,0.33582333255069974
weighted_bce,0.985,0.3352745957426561
weighted_bce,0.99,0.3348910677178531
weighted_bce,0.995,0.33463593171653533
weighted_bce,1.0,0.33395379686061244
ad_embedding,0.0,0.7366666666666667
ad_embedding,0.005,0.6059905663780658
ad_embedding,0.01,0.575257417027417
ad_embedding,0.015,0.5655739824064823
ad_embedding,0.02,0.5465537292234194
ad_embedding,0.025,0.5138736231175547
ad_embedding,0.03,0.4895568683587963
ad_embedding,0.035,0.47483321196494427
ad_embedding,0.04,0.45235538056238955
ad_embedding,0.045,0.41795571274207727
ad_embedding,0.05,0.39301259237978037
ad_embedding,0.055,0.3954569988839577
ad_embedding,0.06,0.4017917669288546
ad_embedding,0.065,0.40498084425538333
ad_embedding,0.07,0.3989787834085189
ad_embedding,0.075,0.3931661956976642
ad_embedding,0.08,0.39286765711748917
ad_embedding,0.085,0.38861427879390675
ad_embedding,0.09,0.3791638598134252
ad_embedding,0.095,0.3733536649851885
ad_embedding,0.1,0.3685107736025414
ad_embedding,0.105,0.36500738263370053
ad_embedding,0.11,0.36776542380174265
ad_embedding,0.115,0.3679604341267212
ad_embedding,0.12,0.3692078393911774
ad_embedding,0.125,0.37169077126439687
ad_embedding,0.13,0.3719469519519495
ad_embedding,0.135,0.3717732966191384
ad_embedding,0.14,0.37219109625999713
ad_embedding,0.145,0.3730370845254706
ad_embedding,0.15,0.37277504844227927
ad_embedding,0.155,0.3722242499981627
ad_embedding,0.16,0.3714737486904993
ad_embedding,0.165,0.3729690489466723
ad_embedding,0.17,0.3716959688096372
ad_embedding,0.17500000000000002,0.3653502569729222
ad_embedding,0.18,0.36162716542959183
ad_embedding,0.185,0.36225472482553117
ad_embedding,0.19,0.363530188640228
ad_embedding,0.195,0.3624350282600534
ad_embedding,0.2,0.36278016654298223
ad_embedding,0.20500000000000002,0.36393182314437816
ad_embedding,0.21,0.3650155248229081
ad_embedding,0.215,0.3649480151430996
ad_embedding,0.22,0.36364847484919094
ad_embedding,0.225,0.36485929242156795
ad_embedding,0.23,0.3660311136025186
ad_embedding,0.23500000000000001,0.36623533466178737
ad_embedding,0.24,0.3671366399345336
ad_embedding,0.245,0.3672223495980079
ad_embedding,0.25,0.3657867452993362
ad_embedding,0.255,0.3659186003252046
ad_embedding,0.26,0.3656972523078149
ad_embedding,0.265,0.3650585896447336
ad_embedding,0.27,0.3637065775785243
ad_embedding,0.275,0.3626287805782734
ad_embedding,0.28,0.36144196342263124
ad_embedding,0.28500000000000003,0.3608676028871847
ad_embedding,0.29,0.36029600867072864
ad_embedding,0.295,0.3593297547218916
ad_embedding,0.3,0.35937328310551864
ad_embedding,0.305,0.3584054016310974
ad_embedding,0.31,0.3574780330507383
ad_embedding,0.315,0.3562192073576644
ad_embedding,0.32,0.3557284076491608
ad_embedding,0.325,0.35562445281178817
ad_embedding,0.33,0.35568737678096035
ad_embedding,0.335,0.35510004091939407
ad_embedding,0.34,0.3550340223893189
ad_embedding,0.34500000000000003,0.35364297176677
ad_embedding,0.35000000000000003,0.35293650959354095
ad_embedding,0.355,0.3528207528013684
ad_embedding,0.36,0.35224518746680944
ad_embedding,0.365,0.3519707323641107
ad_embedding,0.37,0.35248962562069147
ad_embedding,0.375,0.353446875715887
ad_embedding,0.38,0.35474630589794104
ad_embedding,0.385,0.35490140106461526
ad_embedding,0.39,0.35514424630070285
ad_embedding,0.395,0.3552902609689203
ad_embedding,0.4,0.3537743956144902
ad_embedding,0.405,0.35321341124192135
ad_embedding,0.41000000000000003,0.3518371634651133
ad_embedding,0.41500000000000004,0.35157186857184486
ad_embedding,0.42,0.3526437009219003
ad_embedding,0.425,0.35256209780179304
ad_embedding,0.43,0.35228822953014394
ad_embedding,0.435,0.35241613037259806
ad_embedding,0.44,0.35174354171479527
ad_embedding,0.445,0.3501958166036465
ad_embedding,0.45,0.34909459727384606
ad_embedding,0.455,0.3473978606428357
ad_embedding,0.46,0.3468946147271793
ad_embedding,0.465,0.3460885656204973
ad_embedding,0.47000000000000003,0.3454426726219893
ad_embedding,0.47500000000000003,0.3454465510887633
ad_embedding,0.48,0.34484375162654163
ad_embedding,0.485,0.3436114784901463
ad_embedding,0.49,0.3438077475947146
ad_embedding,0.495,0.34417708404680225
ad_embedding,0.5,0.34354719146702845
ad_embedding,0.505,0.34307983060369623
ad_embedding,0.51,0.3422762200972588
ad_embedding,0.515,0.34183093008369
ad_embedding,0.52,0.3423661605143135
ad_embedding,0.525,0.34267557066245047
ad_embedding,0.53,0.3428728944605187
ad_embedding,0.535,0.34325809363012444
ad_embedding,0.54,0.3434964328614099
ad_embedding,0.545,0.3434083565947776
ad_embedding,0.55,0.3436725807702044
ad_embedding,0.555,0.3436533842265564
ad_embedding,0.56,0.3429225422993517
ad_embedding,0.5650000000000001,0.3421081895063003
ad_embedding,0.5700000000000001,0.34179753193746915
ad_embedding,0.5750000000000001,0.34075954878651415
ad_embedding,0.58,0.34016145585979496
ad_embedding,0.585,0.33959232504329057
ad_embedding,0.59,0.33956135846668206
ad_embedding,0.595,0.3391985645169719
ad_embedding,0.6,0.3395415679932554
ad_embedding,0.605,0.3399654165135258
ad_embedding,0.61,0.33940613354194216
ad_embedding,0.615,0.339251296085449
ad_embedding,0.62,0.33989491841530267
ad_embedding,0.625,0.33977520839528874
ad_embedding,0.63,0.33934853662223274
ad_embedding,0.635,0.3393244987581313
ad_embedding,0.64,0.33915147376835175
ad_embedding,0.645,0.3390229880015323
ad_embedding,0.65,0.33875356134892315
ad_embedding,0.655,0.33800607034066
ad_embedding,0.66,0.33774738215413225
ad_embedding,0.665,0.337776343748661
ad_embedding,0.67,0.33744860926243586
ad_embedding,0.675,0.33744708905665577
ad_embedding,0.68,0.3371591981323236
ad_embedding,0.685,0.336573970514947
ad_embedding,0.6900000000000001,0.33602855211476684
ad_embedding,0.6950000000000001,0.3358127619417176
ad_embedding,0.7000000000000001,0.3358584917876539
ad_embedding,0.705,0.33603662554102826
ad_embedding,0.71,0.336147591789414
ad_embedding,0.715,0.33548489624962696
ad_embedding,0.72,0.33499698438778175
ad_embedding,0.725,0.33409287602556675
ad_embedding,0.73,0.33341785821014847
ad_embedding,0.735,0.33345449802919425
ad_embedding,0.74,0.33406962910696597
ad_embedding,0.745,0.33415388058695034
ad_embedding,0.75,0.33409729588621284
ad_embedding,0.755,0.3340541137012244
ad_embedding,0.76,0.33452776230049813
ad_embedding,0.765,0.3349141978879328
ad_embedding,0.77,0.3350180406843403
ad_embedding,0.775,0.3354805171654154
ad_embedding,0.78,0.33568862367618696
ad_embedding,0.785,0.33560033825871605
ad_embedding,0.79,0.3354804331167762
ad_embedding,0.795,0.3354099556327597
ad_embedding,0.8,0.3354004530233758
ad_embedding,0.805,0.3353073925807439
ad_embedding,0.81,0.3346172427112415
ad_embedding,0.8150000000000001,0.33456409229363226
ad_embedding,0.8200000000000001,0.33498823431621105
ad_embedding,0.8250000000000001,0.33504693854797557
ad_embedding,0.8300000000000001,0.33519904057863287
ad_embedding,0.835,0.3353668863818711
ad_embedding,0.84,0.3353292909368184
ad_embedding,0.845,0.3352113379724347
ad_embedding,0.85,0.3352913077489649
ad_embedding,0.855,0.33508042578538155
ad_embedding,0.86,0.3349390335130732
ad_embedding,0.865,0.33538133518313284
ad_embedding,0.87,0.3355774091920584
ad_embedding,0.875,0.3354401357288149
ad_embedding,0.88,0.3355354547577373
ad_embedding,0.885,0.33519188748071194
ad_embedding,0.89,0.33480427718283157
ad_embedding,0.895,0.33458374277701575
ad_embedding,0.9,0.33507082536372795
ad_embedding,0.905,0.33532021534838136
ad_embedding,0.91,0.3351889151086905
ad_embedding,0.915,0.33511214329330435
ad_embedding,0.92,0.33509732862463737
ad_embedding,0.925,0.33522161766138714
ad_embedding,0.93,0.33553477988362584
ad_embedding,0.935,0.3360564713925882
ad_embedding,0.9400000000000001,0.33605531380974957
ad_embedding,0.9450000000000001,0.33553668656097013
ad_embedding,0.9500000000000001,0.33551492721497284
ad_embedding,0.9550000000000001,0.33548315113033744
ad_embedding,0.96,0.3354413862685678
ad_embedding,0.965,0.3353033878406441
ad_embedding,0.97,0.33538828185600206
ad_embedding,0.975,0.3353534051582179
ad_embedding,0.98,0.33483530773727
ad_embedding,0.985,0.33453679779445344
ad_embedding,0.99,0.33424085741755183
ad_embedding,0.995,0.3341354400738642
ad_embedding,1.0,0.3339264377488624
embedding_hidden_16,0.0,0.7033333333333334
embedding_hidden_16,0.005,0.5688210224695933
embedding_hidden_16,0.01,0.5105453727458032
embedding_hidden_16,0.015,0.4693236559906593
embedding_hidden_16,0.02,0.4877961307316146
embedding_hidden_16,0.025,0.4818920911211178
embedding_hidden_16,0.03,0.4607210475323601
embedding_hidden_16,0.035,0.4353350561946627
embedding_hidden_16,0.04,0.4258913491670933
embedding_hidden_16,0.045,0.42280623255247074
embedding_hidden_16,0.05,0.41071744626262807
embedding_hidden_16,0.055,0.4056067936167958
embedding_hidden_16,0.06,0.3961448927808907
embedding_hidden_16,0.065,0.38782332929393
embedding_hidden_16,0.07,0.3824718319428783
embedding_hidden_16,0.075,0.3840673237735184
embedding_hidden_16,0.08,0.37858316068718845
embedding_hidden_16,0.085,0.36978107089296225
embedding_hidden_16,0.09,0.3700816566042646
embedding_hidden_16,0.095,0.3748470392500014
embedding_hidden_16,0.1,0.37755606135174735
embedding_hidden_16,0.105,0.37607256927719235
embedding_hidden_16,0.11,0.3690801312798555
embedding_hidden_16,0.115,0.37257199146838393
embedding_hidden_16,0.12,0.3760215890507761
embedding_hidden_16,0.125,0.3757456906631682
embedding_hidden_16,0.13,0.3745278238146298
embedding_hidden_16,0.135,0.37067082390139555
embedding_hidden_16,0.14,0.3691630571843937
embedding_hidden_16,0.145,0.37031778806392956
embedding_hidden_16,0.15,0.36712814299902646
embedding_hidden_16,0.155,0.36290975715991797
embedding_hidden_16,0.16,0.36071583182891864
embedding_hidden_16,0.165,0.3599844272331666
embedding_hidden_16,0.17,0.3574748411132749
embedding_hidden_16,0.17500000000000002,0.3555256538834576
embedding_hidden_16,0.18,0.35578591124957015
embedding_hidden_16,0.185,0.3578538099786195
embedding_hidden_16,0.19,0.35836279920290404
embedding_hidden_16,0.195,0.3583070234379657
embedding_hidden_16,0.2,0.35780943310232255
embedding_hidden_16,0.20500000000000002,0.35642994076831186
embedding_hidden_16,0.21,0.3560297334680963
embedding_hidden_16,0.215,0.353415347741841
embedding_hidden_16,0.22,0.34971181227514647
embedding_hidden_16,0.225,0.34940554544841185
embedding_hidden_16,0.23,0.348747888478857
embedding_hidden_16,0.23500000000000001,0.34719916971710363
embedding_hidden_16,0.24,0.3470724737306391
embedding_hidden_16,0.245,0.3486295847930292
embedding_hidden_16,0.25,0.34927708719645456
embedding_hidden_16,0.255,0.349206734105432
embedding_hidden_16,0.26,0.34916007915516956
embedding_hidden_16,0.265,0.34840798898411296
embedding_hidden_16,0.27,0.34839917113712277
embedding_hidden_16,0.275,0.3481883198493264
embedding_hidden_16,0.28,0.34779558917605125
embedding_hidden_16,0.28500000000000003,0.3481881700120316
embedding_hidden_16,0.29,0.34791823840987224
embedding_hidden_16,0.295,0.3473555201791402
embedding_hidden_16,0.3,0.3479447914770074
embedding_hidden_16,0.305,0.348712366409615
embedding_hidden_16,0.31,0.3498773777863504
embedding_hidden_16,0.315,0.34999321086957524
embedding_hidden_16,0.32,0.3492541588126182
embedding_hidden_16,0.325,0.34978347576054725
embedding_hidden_16,0.33,0.3503298327093512
embedding_hidden_16,0.335,0.3504018606808204
embedding_hidden_16,0.34,0.35097151129344517
embedding_hidden_16,0.34500000000000003,0.35200816345355257
embedding_hidden_16,0.35000000000000003,0.3519805802991105
embedding_hidden_16,0.355,0.35127321691274144
embedding_hidden_16,0.36,0.35179723222174275
embedding_hidden_16,0.365,0.3523486908591876
embedding_hidden_16,0.37,0.3518770106939346
embedding_hidden_16,0.375,0.3518638891044335
embedding_hidden_16,0.38,0.35171691696866236
embedding_hidden_16,0.385,0.3513247801129274
embedding_hidden_16,0.39,0.3503225269536488
embedding_hidden_16,0.395,0.34965461506333245
embedding_hidden_16,0.4,0.3492383845353457
embedding_hidden_16,0.405,0.3489319461148031
embedding_hidden_16,0.41000000000000003,0.3483222986611529
embedding_hidden_16,0.41500000000000004,0.34836719338645705
embedding_hidden_16,0.42,0.3477900512157671
embedding_hidden_16,0.425,0.34706964635515086
embedding_hidden_16,0.43,0.34687862413226755
embedding_hidden_16,0.435,0.3465797423548478
embedding_hidden_16,0.44,0.34572020386031677
embedding_hidden_16,0.445,0.3452982998811206
embedding_hidden_16,0.45,0.3449107427831589
embedding_hidden_16,0.455,0.3446100896227887
embedding_hidden_16,0.46,0.3446016621224003
embedding_hidden_16,0.465,0.3443336848912805
embedding_hidden_16,0.47000000000000003,0.34401163809449065
embedding_hidden_16,0.47500000000000003,0.34402335126870615
embedding_hidden_16,0.48,0.34362669412850383
embedding_hidden_16,0.485,0.34324081925231115
embedding_hidden_16,0.49,0.34331933812401827
embedding_hidden_16,0.495,0.3427956415883532
embedding_hidden_16,0.5,0.3418276409386409
embedding_hidden_16,0.505,0.34216878837345893
embedding_hidden_16,0.51,0.34195252114237357
embedding_hidden_16,0.515,0.34196336702337593
embedding_hidden_16,0.52,0.3426226100531843
embedding_hidden_16,0.525,0.3423065448949662
embedding_hidden_16,0.53,0.3418573868267297
embedding_hidden_16,0.535,0.3420766871062682
embedding_hidden_16,0.54,0.34242252295842135
embedding_hidden_16,0.545,0.3427737008686532
embedding_hidden_16,0.55,0.3432485706123025
embedding_hidden_16,0.555,0.34361440159992185
embedding_hidden_16,0.56,0.3439084131788934
embedding_hidden_16,0.5650000000000001,0.3441657313029253
embedding_hidden_16,0.5700000000000001,0.3443755477361254
embedding_hidden_16,0.5750000000000001,0.3446846787494707
embedding_hidden_16,0.58,0.3450691790694243
embedding_hidden_16,0.585,0.3451699478696233
embedding_hidden_16,0.59,0.34506366322774523
embedding_hidden_16,0.595,0.3447529182863915
embedding_hidden_16,0.6,0.3441486725175186
embedding_hidden_16,0.605,0.34338321764677177
embedding_hidden_16,0.61,0.3425952427727642
embedding_hidden_16,0.615,0.342879806340668
embedding_hidden_16,0.62,0.3425532050992961
embedding_hidden_16,0.625,0.3420842403465151
embedding_hidden_16,0.63,0.34252466453839303
embedding_hidden_16,0.635,0.34268614758980387
embedding_hidden_16,0.64,0.3422297775103615
embedding_hidden_16,0.645,0.34126632999908024
embedding_hidden_16,0.65,0.3406616174890051
embedding_hidden_16,0.655,0.34062670452488714
embedding_hidden_16,0.66,0.3402872607513675
embedding_hidden_16,0.665,0.3405480366201234
embedding_hidden_16,0.67,0.340699970537627
embedding_hidden_16,0.675,0.34032883556395216
embedding_hidden_16,0.68,0.33969018802873363
embedding_hidden_16,0.685,0.33934714826703205
embedding_hidden_16,0.6900000000000001,0.3389095877562439
embedding_hidden_16,0.6950000000000001,0.3383279933095247
embedding_hidden_16,0.7000000000000001,0.3384023183194796
embedding_hidden_16,0.705,0.33874943384921224
embedding_hidden_16,0.71,0.3391518258650096
embedding_hidden_16,0.715,0.3390192846189011
embedding_hidden_16,0.72,0.3386589108736277
embedding_hidden_16,0.725,0.33827552909133274
embedding_hidden_16,0.73,0.3381394032624444
embedding_hidden_16,0.735,0.33813847983047235
embedding_hidden_16,0.74,0.33794491614173877
embedding_hidden_16,0.745,0.3374990410277249
embedding_hidden_16,0.75,0.33741225742552283
embedding_hidden_16,0.755,0.33689188496652306
embedding_hidden_16,0.76,0.33601472704145274
embedding_hidden_16,0.765,0.33526069917235
embedding_hidden_16,0.77,0.3352220270164567
embedding_hidden_16,0.775,0.3351117809763653
embedding_hidden_16,0.78,0.3351303581854164
embedding_hidden_16,0.785,0.3354714395795136
embedding_hidden_16,0.79,0.3359216944430178
embedding_hidden_16,0.795,0.3363156470121871
embedding_hidden_16,0.8,0.3363742029166156
embedding_hidden_16,0.805,0.3362804971758585
embedding_hidden_16,0.81,0.3362144533067847
embedding_hidden_16,0.8150000000000001,0.3367275860005574
embedding_hidden_16,0.8200000000000001,0.3368514919287695
embedding_hidden_16,0.8250000000000001,0.3364921721031898
embedding_hidden_16,0.8300000000000001,0.3361389273411543
embedding_hidden_16,0.835,0.3358156615651495
embedding_hidden_16,0.84,0.33570278873386133
embedding_hidden_16,0.845,0.33565487440581243
embedding_hidden_16,0.85,0.33507119533436114
embedding_hidden_16,0.855,0.33475280592955314
embedding_hidden_16,0.86,0.3341679702153256
embedding_hidden_16,0.865,0.33362235922160927
embedding_hidden_16,0.87,0.3336276533217233
embedding_hidden_16,0.875,0.3338645929522695
embedding_hidden_16,0.88,0.33343149827792984
embedding_hidden_16,0.885,0.333258519210733
embedding_hidden_16,0.89,0.3332186179794835
embedding_hidden_16,0.895,0.3334377560147387
embedding_hidden_16,0.9,0.33355877583591165
embedding_hidden_16,0.905,0.33291721155122644
embedding_hidden_16,0.91,0.33234041025473626
embedding_hidden_16,0.915,0.33250226006836703
embedding_hidden_16,0.92,0.3326754208930467
embedding_hidden_16,0.925,0.3331013680827353
embedding_hidden_16,0.93,0.3332648177415392
embedding_hidden_16,0.935,0.33327410974325905
embedding_hidden_16,0.9400000000000001,0.33314959968977786
embedding_hidden_16,0.9450000000000001,0.33329704302395274
embedding_hidden_16,0.9500000000000001,0.33326902549747206
embedding_hidden_16,0.9550000000000001,0.33328423716404754
embedding_hidden_16,0.96,0.33310753757263234
embedding_hidden_16,0.965,0.33295688961689296
embedding_hidden_16,0.97,0.33307556428278284
embedding_hidden_16,0.975,0.3333005794099432
embedding_hidden_16,0.98,0.33330843557701184
embedding_hidden_16,0.985,0.3332643488970067
embedding_hidden_16,0.99,0.3334767797009016
embedding_hidden_16,0.995,0.33357315430736356
embedding_hidden_16,1.0,0.33355318319255356
embedding_hidden_32,0.0,0.7333333333333333
embedding_hidden_32,0.005,0.48879964278776616
embedding_hidden_32,0.01,0.41858509479978967
embedding_hidden_32,0.015,0.43487651357279544
embedding_hidden_32,0.02,0.4492342243342353
embedding_hidden_32,0.025,0.44223114510274364
embedding_hidden_32,0.03,0.42565801774558487
embedding_hidden_32,0.035,0.409429211292238
embedding_hidden_32,0.04,0.4006368479996958
embedding_hidden_32,0.045,0.3971419152374263
embedding_hidden_32,0.05,0.39610771671553735
embedding_hidden_32,0.055,0.3953083211568972
embedding_hidden_32,0.06,0.39238454248906735
embedding_hidden_32,0.065,0.3845670206922195
embedding_hidden_32,0.07,0.38356575007137234
embedding_hidden_32,0.075,0.38203424947679643
embedding_hidden_32,0.08,0.3743508330927985
embedding_hidden_32,0.085,0.37325357586041086
embedding_hidden_32,0.09,0.37533331672119374
embedding_hidden_32,0.095,0.37498406914947174
embedding_hidden_32,0.1,0.3719716386027114
embedding_hidden_32,0.105,0.37401544634968165
embedding_hidden_32,0.11,0.37169613023529163
embedding_hidden_32,0.115,0.360429478485388
embedding_hidden_32,0.12,0.35900855072407706
embedding_hidden_32,0.125,0.36332746878174815
embedding_hidden_32,0.13,0.3633574592735379
embedding_hidden_32,0.135,0.3606280899240268
embedding_hidden_32,0.14,0.3597589081475084
embedding_hidden_32,0.145,0.35868518242527625
embedding_hidden_32,0.15,0.35571093797821535
embedding_hidden_32,0.155,0.35218840942558016
embedding_hidden_32,0.16,0.3526571519715874
embedding_hidden_32,0.165,0.35295270973443377
embedding_hidden_32,0.17,0.3534683403273186
embedding_hidden_32,0.17500000000000002,0.3525616951253706
embedding_hidden_32,0.18,0.34928669084131336
embedding_hidden_32,0.185,0.3487687213608207
embedding_hidden_32,0.19,0.3522044494022928
embedding_hidden_32,0.195,0.35454583998339106
embedding_hidden_32,0.2,0.35415042591970164
embedding_hidden_32,0.20500000000000002,0.35310264287239734
embedding_hidden_32,0.21,0.35107920486523186
embedding_hidden_32,0.215,0.351865915113494
embedding_hidden_32,0.22,0.35367206870764833
embedding_hidden_32,0.225,0.35451043046613195
embedding_hidden_32,0.23,0.35445444634228473
embedding_hidden_32,0.23500000000000001,0.3552817629490151
embedding_hidden_32,0.24,0.3562391862502012
embedding_hidden_32,0.245,0.3561818300613488
embedding_hidden_32,0.25,0.35510761693521
embedding_hidden_32,0.255,0.3550235982054969
embedding_hidden_32,0.26,0.35416654738199016
embedding_hidden_32,0.265,0.354089577676134
embedding_hidden_32,0.27,0.3542528788219415
embedding_hidden_32,0.275,0.35558080452391494
embedding_hidden_32,0.28,0.3544982490205568
embedding_hidden_32,0.28500000000000003,0.3512056895386647
embedding_hidden_32,0.29,0.3493952557060648
embedding_hidden_32,0.295,0.3489060595704555
embedding_hidden_32,0.3,0.3484839100388041
embedding_hidden_32,0.305,0.3476991194959159
embedding_hidden_32,0.31,0.348057186058533
embedding_hidden_32,0.315,0.34629608060170264
embedding_hidden_32,0.32,0.3424116511151205
embedding_hidden_32,0.325,0.34257534170189263
embedding_hidden_32,0.33,0.3430607750274539
embedding_hidden_32,0.335,0.34263689460522967
embedding_hidden_32,0.34,0.34204831771221916
embedding_hidden_32,0.34500000000000003,0.342567502110279
embedding_hidden_32,0.35000000000000003,0.34212058788734223
embedding_hidden_32,0.355,0.34149091778439844
embedding_hidden_32,0.36,0.34213822858341264
embedding_hidden_32,0.365,0.34245187833930757
embedding_hidden_32,0.37,0.3426125428888408
embedding_hidden_32,0.375,0.34382429118739366
embedding_hidden_32,0.38,0.3447169747315627
embedding_hidden_32,0.385,0.34568393205473685
embedding_hidden_32,0.39,0.34699803850403976
embedding_hidden_32,0.395,0.3476004375216685
embedding_hidden_32,0.4,0.34721307152807745
embedding_hidden_32,0.405,0.34653923082357263
embedding_hidden_32,0.41000000000000003,0.3455474977492913
embedding_hidden_32,0.41500000000000004,0.3441937274319486
embedding_hidden_32,0.42,0.34357726252801607
embedding_hidden_32,0.425,0.34308982117202624
embedding_hidden_32,0.43,0.34338560456876865
embedding_hidden_32,0.435,0.3433055722846124
embedding_hidden_32,0.44,0.3439696168680232
embedding_hidden_32,0.445,0.3435088697936669
embedding_hidden_32,0.45,0.3435461495595514
embedding_hidden_32,0.455,0.34410185642195307
embedding_hidden_32,0.46,0.3437460980033953
embedding_hidden_32,0.465,0.3426647553866503
embedding_hidden_32,0.47000000000000003,0.3426617578275831
embedding_hidden_32,0.47500000000000003,0.3420725947832129
embedding_hidden_32,0.48,0.34155130174764564
embedding_hidden_32,0.485,0.3414959085866722
embedding_hidden_32,0.49,0.34149305478091324
embedding_hidden_32,0.495,0.3414181739282713
embedding_hidden_32,0.5,0.3409653318816746
embedding_hidden_32,0.505,0.34054611566745413
embedding_hidden_32,0.51,0.34018087025434723
embedding_hidden_32,0.515,0.33987419251825324
embedding_hidden_32,0.52,0.33971609149957066
embedding_hidden_32,0.525,0.33904126484376607
embedding_hidden_32,0.53,0.33860615071690947
embedding_hidden_32,0.535,0.33859755737841857
embedding_hidden_32,0.54,0.3390807198125549
embedding_hidden_32,0.545,0.33907525322939297
embedding_hidden_32,0.55,0.33991648304965155
embedding_hidden_32,0.555,0.3413337380262041
embedding_hidden_32,0.56,0.3419198794952702
embedding_hidden_32,0.5650000000000001,0.34152843707603553
embedding_hidden_32,0.5700000000000001,0.34149033316945093
embedding_hidden_32,0.5750000000000001,0.3411464108182088
embedding_hidden_32,0.58,0.3405198194710204
embedding_hidden_32,0.585,0.3406387227044109
embedding_hidden_32,0.59,0.3407445965650157
embedding_hidden_32,0.595,0.34109308299954544
embedding_hidden_32,0.6,0.34088976690635747
embedding_hidden_32,0.605,0.3409049610732224
embedding_hidden_32,0.61,0.34129837606496816
embedding_hidden_32,0.615,0.34128339347957076
embedding_hidden_32,0.62,0.3406962158007921
embedding_hidden_32,0.625,0.34064477112465885
embedding_hidden_32,0.63,0.3409700417627162
embedding_hidden_32,0.635,0.34130185412367725
embedding_hidden_32,0.64,0.3411559803027638
embedding_hidden_32,0.645,0.3406320952487648
embedding_hidden_32,0.65,0.3398434674940923
embedding_hidden_32,0.655,0.33931803966422336
embedding_hidden_32,0.66,0.338781032453392
embedding_hidden_32,0.665,0.3374431588407335
embedding_hidden_32,0.67,0.33682781091307024
embedding_hidden_32,0.675,0.33666028933121395
embedding_hidden_32,0.68,0.3365692161077404
embedding_hidden_32,0.685,0.3367869008081745
embedding_hidden_32,0.6900000000000001,0.3371318038898985
embedding_hidden_32,0.6950000000000001,0.33718619023040713
embedding_hidden_32,0.7000000000000001,0.33731093098277887
embedding_hidden_32,0.705,0.3374307060662311
embedding_hidden_32,0.71,0.3370960937651982
embedding_hidden_32,0.715,0.33671127687623964
embedding_hidden_32,0.72,0.33646018433306224
embedding_hidden_32,0.725,0.3364213131981028
embedding_hidden_32,0.73,0.3364760187658038
embedding_hidden_32,0.735,0.3366930845346442
embedding_hidden_32,0.74,0.33692089409343723
embedding_hidden_32,0.745,0.3372731115052927
embedding_hidden_32,0.75,0.3375462694444082
embedding_hidden_32,0.755,0.3375891167382131
embedding_hidden_32,0.76,0.33753550676794075
embedding_hidden_32,0.765,0.33759442749884616
embedding_hidden_32,0.77,0.3374137312415351
embedding_hidden_32,0.775,0.3373212115483044
embedding_hidden_32,0.78,0.33773845251940393
embedding_hidden_32,0.785,0.33749267316085935
embedding_hidden_32,0.79,0.33663755276804996
embedding_hidden_32,0.795,0.33639034542837865
embedding_hidden_32,0.8,0.33624219928246857
embedding_hidden_32,0.805,0.3359879575689169
embedding_hidden_32,0.81,0.3358142784157935
embedding_hidden_32,0.8150000000000001,0.33517274636995686
embedding_hidden_32,0.8200000000000001,0.33534825154181613
embedding_hidden_32,0.8250000000000001,0.3353646417830821
embedding_hidden_32,0.8300000000000001,0.3356149290932367
embedding_hidden_32,0.835,0.33547155538139595
embedding_hidden_32,0.84,0.3354595737530951
embedding_hidden_32,0.845,0.335652218284816
embedding_hidden_32,0.85,0.33540955225410585
embedding_hidden_32,0.855,0.3351760114937738
embedding_hidden_32,0.86,0.3351382074177924
embedding_hidden_32,0.865,0.33483849564744383
embedding_hidden_32,0.87,0.33446045589301676
embedding_hidden_32,0.875,0.33445587414895234
embedding_hidden_32,0.88,0.33461306127119606
embedding_hidden_32,0.885,0.33411544126382575
embedding_hidden_32,0.89,0.3334991602781524
embedding_hidden_32,0.895,0.3333851365626354
embedding_hidden_32,0.9,0.3333228088383023
embedding_hidden_32,0.905,0.33336617597010226
embedding_hidden_32,0.91,0.33358705532499733
embedding_hidden_32,0.915,0.3336806935410216
embedding_hidden_32,0.92,0.33356115124455465
embedding_hidden_32,0.925,0.3333397944123314
embedding_hidden_32,0.93,0.33335643663694087
embedding_hidden_32,0.935,0.33342590322232996
embedding_hidden_32,0.9400000000000001,0.3338479962259605
embedding_hidden_32,0.9450000000000001,0.3342400921958478
embedding_hidden_32,0.9500000000000001,0.3343950887555005
embedding_hidden_32,0.9550000000000001,0.33398810962081515
embedding_hidden_32,0.96,0.33371184493288214
embedding_hidden_32,0.965,0.3331388925665449
embedding_hidden_32,0.97,0.33259875572164715
embedding_hidden_32,0.975,0.33251371134632296
embedding_hidden_32,0.98,0.33226688260966686
embedding_hidden_32,0.985,0.33230142900972603
embedding_hidden_32,0.99,0.3326814896357824
embedding_hidden_32,0.995,0.3330970746864859
embedding_hidden_32,1.0,0.3335049776763416
embedding_hidden_64,0.0,0.5541666666666667
embedding_hidden_64,0.005,0.4527759362165609
embedding_hidden_64,0.01,0.42977625691690785
embedding_hidden_64,0.015,0.40934762012442044
embedding_hidden_64,0.02,0.40090779217855665
embedding_hidden_64,0.025,0.39623698013142594
embedding_hidden_64,0.03,0.40113465996088465
embedding_hidden_64,0.035,0.414053807258871
embedding_hidden_64,0.04,0.406230462190898
embedding_hidden_64,0.045,0.3907087650146553
embedding_hidden_64,0.05,0.3848310800295458
embedding_hidden_64,0.055,0.37482982743594306
embedding_hidden_64,0.06,0.3714045199218073
embedding_hidden_64,0.065,0.3712986702663289
embedding_hidden_64,0.07,0.37253319059757606
embedding_hidden_64,0.075,0.36953506095917105
embedding_hidden_64,0.08,0.35898522903470353
embedding_hidden_64,0.085,0.35775643462308315
embedding_hidden_64,0.09,0.35859025631395264
embedding_hidden_64,0.095,0.3544593991032394
embedding_hidden_64,0.1,0.35173157983300046
embedding_hidden_64,0.105,0.3520412596138499
embedding_hidden_64,0.11,0.35680974998357984
embedding_hidden_64,0.115,0.36133516997468895
embedding_hidden_64,0.12,0.3630487597525697
embedding_hidden_64,0.125,0.364168835757375
embedding_hidden_64,0.13,0.36769909452973704
embedding_hidden_64,0.135,0.36649517024820577
embedding_hidden_64,0.14,0.36496686163347636
embedding_hidden_64,0.145,0.3639134104337329
embedding_hidden_64,0.15,0.36068374144045634
embedding_hidden_64,0.155,0.3620903770179302
embedding_hidden_64,0.16,0.3619883307499345
embedding_hidden_64,0.165,0.3614714196700457
embedding_hidden_64,0.17,0.3587192879781703
embedding_hidden_64,0.17500000000000002,0.3557396514934572
embedding_hidden_64,0.18,0.3538057724328233
embedding_hidden_64,0.185,0.3524922990438557
embedding_hidden_64,0.19,0.35213891751680043
embedding_hidden_64,0.195,0.35059191110678545
embedding_hidden_64,0.2,0.34969736261590917
embedding_hidden_64,0.20500000000000002,0.35054896470357444
embedding_hidden_64,0.21,0.35081423768845077
embedding_hidden_64,0.215,0.3516213118823491
embedding_hidden_64,0.22,0.35241241035548654
embedding_hidden_64,0.225,0.3519066103044103
embedding_hidden_64,0.23,0.35089580064491904
embedding_hidden_64,0.23500000000000001,0.35039372466845364
embedding_hidden_64,0.24,0.35010778837644263
embedding_hidden_64,0.245,0.349826266660885
embedding_hidden_64,0.25,0.3490128038496868
embedding_hidden_64,0.255,0.3487164252353034
embedding_hidden_64,0.26,0.3494653296419955
embedding_hidden_64,0.265,0.34835917754733503
embedding_hidden_64,0.27,0.3470991370942863
embedding_hidden_64,0.275,0.3464696292572044
embedding_hidden_64,0.28,0.3461528724216003
embedding_hidden_64,0.28500000000000003,0.3471511851009207
embedding_hidden_64,0.29,0.34792138342388707
embedding_hidden_64,0.295,0.3484941916341806
embedding_hidden_64,0.3,0.3486345294221001
embedding_hidden_64,0.305,0.34945013405189385
embedding_hidden_64,0.31,0.3508413056849817
embedding_hidden_64,0.315,0.3508721092582025
embedding_hidden_64,0.32,0.34985577454550676
embedding_hidden_64,0.325,0.3498285253927696
embedding_hidden_64,0.33,0.34859272957017706
embedding_hidden_64,0.335,0.34737479409350364
embedding_hidden_64,0.34,0.3474205976005826
embedding_hidden_64,0.34500000000000003,0.34768051007897816
embedding_hidden_64,0.35000000000000003,0.3473205760901722
embedding_hidden_64,0.355,0.3468196462354775
embedding_hidden_64,0.36,0.34721649222487383
embedding_hidden_64,0.365,0.34732490888935563
embedding_hidden_64,0.37,0.3473889707748273
embedding_hidden_64,0.375,0.3479653582334719
embedding_hidden_64,0.38,0.34672896560744626
embedding_hidden_64,0.385,0.3453758456221561
embedding_hidden_64,0.39,0.3446952076141627
embedding_hidden_64,0.395,0.3446638149967113
embedding_hidden_64,0.4,0.3452104303059314
embedding_hidden_64,0.405,0.3464852777212636
embedding_hidden_64,0.41000000000000003,0.34604478970212604
embedding_hidden_64,0.41500000000000004,0.34476479571409596
embedding_hidden_64,0.42,0.34419629448504974
embedding_hidden_64,0.425,0.3444834127093369
embedding_hidden_64,0.43,0.34502808636018184
embedding_hidden_64,0.435,0.34486192319905257
embedding_hidden_64,0.44,0.34461093775385593
embedding_hidden_64,0.445,0.3445390730788417
embedding_hidden_64,0.45,0.3442665040603577
embedding_hidden_64,0.455,0.34486301928653396
embedding_hidden_64,0.46,0.3457066911997832
embedding_hidden_64,0.465,0.34551727504889457
embedding_hidden_64,0.47000000000000003,0.3448069657227795
embedding_hidden_64,0.47500000000000003,0.34413726709299797
embedding_hidden_64,0.48,0.34408958056255956
embedding_hidden_64,0.485,0.3449616954269081
embedding_hidden_64,0.49,0.3453758035555635
embedding_hidden_64,0.495,0.3455765478028524
embedding_hidden_64,0.5,0.345833737546818
embedding_hidden_64,0.505,0.3464418222964814
embedding_hidden_64,0.51,0.3458431396736285
embedding_hidden_64,0.515,0.3455385671384679
embedding_hidden_64,0.52,0.3457967926134594
embedding_hidden_64,0.525,0.3462207676101337
embedding_hidden_64,0.53,0.3465305499037358
embedding_hidden_64,0.535,0.3466442315125002
embedding_hidden_64,0.54,0.34591452853537846
embedding_hidden_64,0.545,0.34491378600821243
embedding_hidden_64,0.55,0.3443917137183742
embedding_hidden_64,0.555,0.3444955427157431
embedding_hidden_64,0.56,0.3445466117992903
embedding_hidden_64,0.5650000000000001,0.34436029190622713
embedding_hidden_64,0.5700000000000001,0.34349786514807534
embedding_hidden_64,0.5750000000000001,0.3431208488016579
embedding_hidden_64,0.58,0.3426974541193993
embedding_hidden_64,0.585,0.34224343063531115
embedding_hidden_64,0.59,0.3422655550040695
embedding_hidden_64,0.595,0.34227323781919666
embedding_hidden_64,0.6,0.3420325680766011
embedding_hidden_64,0.605,0.34194966003126903
embedding_hidden_64,0.61,0.3420773244036408
embedding_hidden_64,0.615,0.3419634779328927
embedding_hidden_64,0.62,0.3423862126502407
embedding_hidden_64,0.625,0.3427315463622097
embedding_hidden_64,0.63,0.34267805702471976
embedding_hidden_64,0.635,0.3419298127599419
embedding_hidden_64,0.64,0.34126318259148475
embedding_hidden_64,0.645,0.3408954675642631
embedding_hidden_64,0.65,0.34010423713496707
embedding_hidden_64,0.655,0.33956330963754644
embedding_hidden_64,0.66,0.3392561198197722
embedding_hidden_64,0.665,0.33860674647018074
embedding_hidden_64,0.67,0.337983399613931
embedding_hidden_64,0.675,0.33787595942300747
embedding_hidden_64,0.68,0.3376753399027652
embedding_hidden_64,0.685,0.3377447255376086
embedding_hidden_64,0.6900000000000001,0.33790913830514147
embedding_hidden_64,0.6950000000000001,0.3381147507418426
embedding_hidden_64,0.7000000000000001,0.33834285173494766
embedding_hidden_64,0.705,0.3384339759241734
embedding_hidden_64,0.71,0.3384231504257519
embedding_hidden_64,0.715,0.3386179566045514
embedding_hidden_64,0.72,0.3384123076083693
embedding_hidden_64,0.725,0.3380932399295657
embedding_hidden_64,0.73,0.33801222900725747
embedding_hidden_64,0.735,0.3375228284551932
embedding_hidden_64,0.74,0.33705441467040786
embedding_hidden_64,0.745,0.33717498891777253
embedding_hidden_64,0.75,0.3365503658261956
embedding_hidden_64,0.755,0.336067309966126
embedding_hidden_64,0.76,0.3366070192648835
embedding_hidden_64,0.765,0.3368746777501924
embedding_hidden_64,0.77,0.33672833684570663
embedding_hidden_64,0.775,0.3366052485111205
embedding_hidden_64,0.78,0.33645512831371854
embedding_hidden_64,0.785,0.3364990370483173
embedding_hidden_64,0.79,0.33652266404593695
embedding_hidden_64,0.795,0.3362488122535021
embedding_hidden_64,0.8,0.3363150101094067
embedding_hidden_64,0.805,0.33629248253997646
embedding_hidden_64,0.81,0.33689213114609523
embedding_hidden_64,0.8150000000000001,0.33736793456575337
embedding_hidden_64,0.8200000000000001,0.3371455556351509
embedding_hidden_64,0.8250000000000001,0.33748771786568615
embedding_hidden_64,0.8300000000000001,0.3379815460891348
embedding_hidden_64,0.835,0.3381825094591536
embedding_hidden_64,0.84,0.3383259944249789
embedding_hidden_64,0.845,0.3385571597285907
embedding_hidden_64,0.85,0.3388752604045423
embedding_hidden_64,0.855,0.3384739237679834
embedding_hidden_64,0.86,0.33848828763532135
embedding_hidden_64,0.865,0.3385008923432807
embedding_hidden_64,0.87,0.3383404123836206
embedding_hidden_64,0.875,0.33790381768378264
embedding_hidden_64,0.88,0.3373143975456453
embedding_hidden_64,0.885,0.3372690186897203
embedding_hidden_64,0.89,0.33721969227388887
embedding_hidden_64,0.895,0.33691744556891584
embedding_hidden_64,0.9,0.33668969301188706
embedding_hidden_64,0.905,0.336030054901661
embedding_hidden_64,0.91,0.3352247584886764
embedding_hidden_64,0.915,0.3344723709944984
embedding_hidden_64,0.92,0.33446281841397163
embedding_hidden_64,0.925,0.3347637800815269
embedding_hidden_64,0.93,0.33487247527673364
embedding_hidden_64,0.935,0.3351838864416154
embedding_hidden_64,0.9400000000000001,0.3353317206096655
embedding_hidden_64,0.9450000000000001,0.3353608459446321
embedding_hidden_64,0.9500000000000001,0.3349000007332474
embedding_hidden_64,0.9550000000000001,0.3347208146271302
embedding_hidden_64,0.96,0.3347749962271959
embedding_hidden_64,0.965,0.3349755197319527
embedding_hidden_64,0.97,0.33490934836747455
embedding_hidden_64,0.975,0.3350744466555748
embedding_hidden_64,0.98,0.33489271647277363
embedding_hidden_64,0.985,0.3343908145890698
embedding_hidden_64,0.99,0.3338500453907924
embedding_hidden_64,0.995,0.33334719937374746
embedding_hidden_64,1.0,0.3334940559897334
embedding_hidden_4,0.0,0.6559523809523808
embedding_hidden_4,0.005,0.5136113567649263
embedding_hidden_4,0.01,0.4066957154969419
embedding_hidden_4,0.015,0.39658965272620755
embedding_hidden_4,0.02,0.39983221990141493
embedding_hidden_4,0.025,0.40222217146071476
embedding_hidden_4,0.03,0.3967433423841723
embedding_hidden_4,0.035,0.387255398565544
embedding_hidden_4,0.04,0.3772118340132749
embedding_hidden_4,0.045,0.3790611403524093
embedding_hidden_4,0.05,0.3793623126418747
embedding_hidden_4,0.055,0.38520578940863104
embedding_hidden_4,0.06,0.3829181146387983
embedding_hidden_4,0.065,0.37598035018583315
embedding_hidden_4,0.07,0.3726902366481716
embedding_hidden_4,0.075,0.3721306374735522
embedding_hidden_4,0.08,0.37122784134946313
embedding_hidden_4,0.085,0.37100382801314297
embedding_hidden_4,0.09,0.3747011071528041
embedding_hidden_4,0.095,0.3703574720168338
embedding_hidden_4,0.1,0.364563397768857
embedding_hidden_4,0.105,0.357339393055728
embedding_hidden_4,0.11,0.34683632771058565
embedding_hidden_4,0.115,0.3467928574777529
embedding_hidden_4,0.12,0.3465588924456494
embedding_hidden_4,0.125,0.34657963555583926
embedding_hidden_4,0.13,0.3469540952248189
embedding_hidden_4,0.135,0.3454874315218445
embedding_hidden_4,0.14,0.3446265639332984
embedding_hidden_4,0.145,0.34527655126889145
embedding_hidden_4,0.15,0.3483579539609397
embedding_hidden_4,0.155,0.3516046942081303
embedding_hidden_4,0.16,0.350415869322075
embedding_hidden_4,0.165,0.34680929564601926
embedding_hidden_4,0.17,0.34536189761843616
embedding_hidden_4,0.17500000000000002,0.3431820202751749
embedding_hidden_4,0.18,0.34136299017420696
embedding_hidden_4,0.185,0.3402608359979243
embedding_hidden_4,0.19,0.34099607944483307
embedding_hidden_4,0.195,0.34141145941578993
embedding_hidden_4,0.2,0.33823482736220717
embedding_hidden_4,0.20500000000000002,0.33713396294521625
embedding_hidden_4,0.21,0.33922499046734306
embedding_hidden_4,0.215,0.3403480719277858
embedding_hidden_4,0.22,0.34068160600239017
embedding_hidden_4,0.225,0.34071929141294777
embedding_hidden_4,0.23,0.34158998961476617
embedding_hidden_4,0.23500000000000001,0.3428109642781893
embedding_hidden_4,0.24,0.3437725103563208
embedding_hidden_4,0.245,0.34408480331634644
embedding_hidden_4,0.25,0.3444229508557161
embedding_hidden_4,0.255,0.34494798578566765
embedding_hidden_4,0.26,0.34505077041445337
embedding_hidden_4,0.265,0.344525990780903
embedding_hidden_4,0.27,0.34428940615332837
embedding_hidden_4,0.275,0.344400855085361
embedding_hidden_4,0.28,0.3452371852303323
embedding_hidden_4,0.28500000000000003,0.3435997931988898
embedding_hidden_4,0.29,0.3422207971685668
embedding_hidden_4,0.295,0.3412119741015123
embedding_hidden_4,0.3,0.34079413481843535
embedding_hidden_4,0.305,0.34129998345241447
embedding_hidden_4,0.31,0.3419892217287844
embedding_hidden_4,0.315,0.34352009744864714
embedding_hidden_4,0.32,0.3438986991752969
embedding_hidden_4,0.325,0.3449214005895352
embedding_hidden_4,0.33,0.3445726457989546
embedding_hidden_4,0.335,0.3436800960688387
embedding_hidden_4,0.34,0.34374583436286504
embedding_hidden_4,0.34500000000000003,0.34388565345755445
embedding_hidden_4,0.35000000000000003,0.34503916967147724
embedding_hidden_4,0.355,0.3466458239411809
embedding_hidden_4,0.36,0.34738125390180385
embedding_hidden_4,0.365,0.34707537297069907
embedding_hidden_4,0.37,0.3459822492355119
embedding_hidden_4,0.375,0.3449602318746724
embedding_hidden_4,0.38,0.3436000481431647
embedding_hidden_4,0.385,0.34293806236950414
embedding_hidden_4,0.39,0.3425062608149737
embedding_hidden_4,0.395,0.3433299950398204
embedding_hidden_4,0.4,0.34441010055797494
embedding_hidden_4,0.405,0.3452519900385271
embedding_hidden_4,0.41000000000000003,0.34559848574711105
embedding_hidden_4,0.41500000000000004,0.3459284498394675
embedding_hidden_4,0.42,0.34653591836047404
embedding_hidden_4,0.425,0.3463380874681857
embedding_hidden_4,0.43,0.3455415043366005
embedding_hidden_4,0.435,0.3450268786527015
embedding_hidden_4,0.44,0.3428351874107912
embedding_hidden_4,0.445,0.34108586580595074
embedding_hidden_4,0.45,0.340898971070713
embedding_hidden_4,0.455,0.3405301697467179
embedding_hidden_4,0.46,0.3398440586610018
embedding_hidden_4,0.465,0.33880573625527727
embedding_hidden_4,0.47000000000000003,0.33839702758472157
embedding_hidden_4,0.47500000000000003,0.3379757170177631
embedding_hidden_4,0.48,0.3381409251018138
embedding_hidden_4,0.485,0.3392087235874174
embedding_hidden_4,0.49,0.3391030523660151
embedding_hidden_4,0.495,0.33892427533497205
embedding_hidden_4,0.5,0.3385564838788446
embedding_hidden_4,0.505,0.3389649850485357
embedding_hidden_4,0.51,0.33913731106766437
embedding_hidden_4,0.515,0.3384801536375318
embedding_hidden_4,0.52,0.33867922855913035
embedding_hidden_4,0.525,0.3384902548778074
embedding_hidden_4,0.53,0.3373093879672321
embedding_hidden_4,0.535,0.33660319592608934
embedding_hidden_4,0.54,0.33634637129552475
embedding_hidden_4,0.545,0.33622259978463587
embedding_hidden_4,0.55,0.3366923213148885
embedding_hidden_4,0.555,0.33713032163455436
embedding_hidden_4,0.56,0.33739783728257
embedding_hidden_4,0.5650000000000001,0.3376726067591637
embedding_hidden_4,0.5700000000000001,0.3379916126682058
embedding_hidden_4,0.5750000000000001,0.3384347617806215
embedding_hidden_4,0.58,0.3380925588053873
embedding_hidden_4,0.585,0.3372409020898481
embedding_hidden_4,0.59,0.33512938159574507
embedding_hidden_4,0.595,0.33372060147566157
embedding_hidden_4,0.6,0.3332203134769763
embedding_hidden_4,0.605,0.33303396319621015
embedding_hidden_4,0.61,0.3327470852800038
embedding_hidden_4,0.615,0.3329516840086327
embedding_hidden_4,0.62,0.3327927967602905
embedding_hidden_4,0.625,0.3323705212455031
embedding_hidden_4,0.63,0.332576162033447
embedding_hidden_4,0.635,0.33310147663998985
embedding_hidden_4,0.64,0.33305323706983614
embedding_hidden_4,0.645,0.33285204612450514
embedding_hidden_4,0.65,0.33321806478487853
embedding_hidden_4,0.655,0.33296789407604727
embedding_hidden_4,0.66,0.332268907167235
embedding_hidden_4,0.665,0.331267681287801
embedding_hidden_4,0.67,0.33120735379819827
embedding_hidden_4,0.675,0.33091399293174123
embedding_hidden_4,0.68,0.33103830900683884
embedding_hidden_4,0.685,0.3314745718084148
embedding_hidden_4,0.6900000000000001,0.33228213513002236
embedding_hidden_4,0.6950000000000001,0.33251404210450003
embedding_hidden_4,0.7000000000000001,0.332917616355447
embedding_hidden_4,0.705,0.3334533737926707
embedding_hidden_4,0.71,0.33323731935251855
embedding_hidden_4,0.715,0.3334858601966876
embedding_hidden_4,0.72,0.33407528925235447
embedding_hidden_4,0.725,0.334381190450489
embedding_hidden_4,0.73,0.33457087714779243
embedding_hidden_4,0.735,0.334520390140038
embedding_hidden_4,0.74,0.3342903041728981
embedding_hidden_4,0.745,0.33396553130363216
embedding_hidden_4,0.75,0.3340063436262693
embedding_hidden_4,0.755,0.3338303574336973
embedding_hidden_4,0.76,0.33352054844351575
embedding_hidden_4,0.765,0.3336403502114381
embedding_hidden_4,0.77,0.33404484643242577
embedding_hidden_4,0.775,0.33447820325958627
embedding_hidden_4,0.78,0.33446264146469823
embedding_hidden_4,0.785,0.33407876839530415
embedding_hidden_4,0.79,0.3342974340300548
embedding_hidden_4,0.795,0.334365742242467
embedding_hidden_4,0.8,0.333931793971091
embedding_hidden_4,0.805,0.33339838849461495
embedding_hidden_4,0.81,0.3333387473850497
embedding_hidden_4,0.8150000000000001,0.3334375820814361
embedding_hidden_4,0.8200000000000001,0.33343526434859094
embedding_hidden_4,0.8250000000000001,0.3334065290628568
embedding_hidden_4,0.8300000000000001,0.33337907905135544
embedding_hidden_4,0.835,0.3337781278607642
embedding_hidden_4,0.84,0.33410060540589576
embedding_hidden_4,0.845,0.3340602478279783
embedding_hidden_4,0.85,0.33400496570476806
embedding_hidden_4,0.855,0.3341993934448901
embedding_hidden_4,0.86,0.33390145468335286
embedding_hidden_4,0.865,0.33396482342708333
embedding_hidden_4,0.87,0.3343535713197297
embedding_hidden_4,0.875,0.3340207873926063
embedding_hidden_4,0.88,0.33396630058218685
embedding_hidden_4,0.885,0.3342375309020984
embedding_hidden_4,0.89,0.3343559690024223
embedding_hidden_4,0.895,0.3339189074485964
embedding_hidden_4,0.9,0.3334854297673863
embedding_hidden_4,0.905,0.33322772198330375
embedding_hidden_4,0.91,0.33316294540841956
embedding_hidden_4,0.915,0.33345138743521663
embedding_hidden_4,0.92,0.33347339234716156
embedding_hidden_4,0.925,0.3335602609161697
embedding_hidden_4,0.93,0.3337064002212705
embedding_hidden_4,0.935,0.3337035784379521
embedding_hidden_4,0.9400000000000001,0.33354544216849674
embedding_hidden_4,0.9450000000000001,0.3335210959126299
embedding_hidden_4,0.9500000000000001,0.33355927581235706
embedding_hidden_4,0.9550000000000001,0.3334025719872357
embedding_hidden_4,0.96,0.33342354347962083
embedding_hidden_4,0.965,0.33356084926034435
embedding_hidden_4,0.97,0.3336299785150181
embedding_hidden_4,0.975,0.33380976646458527
embedding_hidden_4,0.98,0.3339315795274937
embedding_hidden_4,0.985,0.33399806792613984
embedding_hidden_4,0.99,0.334024328637655
embedding_hidden_4,0.995,0.33374989614820555
embedding_hidden_4,1.0,0.33362931697342024
embedding_hidden_8,0.0,0.5316666666666667
embedding_hidden_8,0.005,0.43110700722888246
embedding_hidden_8,0.01,0.44338267010767013
embedding_hidden_8,0.015,0.4286444501241789
embedding_hidden_8,0.02,0.3828245458170162
embedding_hidden_8,0.025,0.36102567170978606
embedding_hidden_8,0.03,0.35584243244695923
embedding_hidden_8,0.035,0.35093831770034656
embedding_hidden_8,0.04,0.3506371115916607
embedding_hidden_8,0.045,0.34473723080055857
embedding_hidden_8,0.05,0.34433108378392796
embedding_hidden_8,0.055,0.3512090744235197
embedding_hidden_8,0.06,0.3544364863648772
embedding_hidden_8,0.065,0.34885595754606114
embedding_hidden_8,0.07,0.3468066731121914
embedding_hidden_8,0.075,0.35039348717122826
embedding_hidden_8,0.08,0.34946767506074805
embedding_hidden_8,0.085,0.34832131325538895
embedding_hidden_8,0.09,0.3513815789041937
embedding_hidden_8,0.095,0.35412675472396016
embedding_hidden_8,0.1,0.3528427346639148
embedding_hidden_8,0.105,0.35029888528896286
embedding_hidden_8,0.11,0.3488043314384645
embedding_hidden_8,0.115,0.3466398511551085
embedding_hidden_8,0.12,0.34660923664910387
embedding_hidden_8,0.125,0.34884888222249966
embedding_hidden_8,0.13,0.35156137861568787
embedding_hidden_8,0.135,0.35125469984426816
embedding_hidden_8,0.14,0.349862605052481
embedding_hidden_8,0.145,0.3493705537522448
embedding_hidden_8,0.15,0.35020174257074876
embedding_hidden_8,0.155,0.3501091948900928
embedding_hidden_8,0.16,0.34897815229434986
embedding_hidden_8,0.165,0.34959293630374416
embedding_hidden_8,0.17,0.3504962009682328
embedding_hidden_8,0.17500000000000002,0.35284185172859367
embedding_hidden_8,0.18,0.3539030438372734
embedding_hidden_8,0.185,0.3541193719609933
embedding_hidden_8,0.19,0.3532209429751885
embedding_hidden_8,0.195,0.3514911838255172
embedding_hidden_8,0.2,0.34879614149997773
embedding_hidden_8,0.20500000000000002,0.34778117450289175
embedding_hidden_8,0.21,0.34581233480547996
embedding_hidden_8,0.215,0.3436621811023988
embedding_hidden_8,0.22,0.34158634163349477
embedding_hidden_8,0.225,0.3424106393803953
embedding_hidden_8,0.23,0.34314799501678556
embedding_hidden_8,0.23500000000000001,0.3419393965159581
embedding_hidden_8,0.24,0.3432362159459377
embedding_hidden_8,0.245,0.3446213080262709
embedding_hidden_8,0.25,0.3432228892306849
embedding_hidden_8,0.255,0.34134195543195683
embedding_hidden_8,0.26,0.34165319876117184
embedding_hidden_8,0.265,0.34081478080983346
embedding_hidden_8,0.27,0.33949470308310625
embedding_hidden_8,0.275,0.33829091593173816
embedding_hidden_8,0.28,0.3373355032590153
embedding_hidden_8,0.28500000000000003,0.33719845551241473
embedding_hidden_8,0.29,0.3374428192716016
embedding_hidden_8,0.295,0.33776127764616215
embedding_hidden_8,0.3,0.33803026838992106
embedding_hidden_8,0.305,0.3376271717701453
embedding_hidden_8,0.31,0.33777710541656747
embedding_hidden_8,0.315,0.3382251248403619
embedding_hidden_8,0.32,0.33699032584886646
embedding_hidden_8,0.325,0.336208417526581
embedding_hidden_8,0.33,0.33694918917514366
embedding_hidden_8,0.335,0.33638733711742497
embedding_hidden_8,0.34,0.33590955982798343
embedding_hidden_8,0.34500000000000003,0.33650096039580757
embedding_hidden_8,0.35000000000000003,0.3365811418094912
embedding_hidden_8,0.355,0.3372680975819677
embedding_hidden_8,0.36,0.33851489032121596
embedding_hidden_8,0.365,0.33835628463498046
embedding_hidden_8,0.37,0.33784555714419684
embedding_hidden_8,0.375,0.3382889059632411
embedding_hidden_8,0.38,0.3386302556809365
embedding_hidden_8,0.385,0.33865983955995793
embedding_hidden_8,0.39,0.3384404740452455
embedding_hidden_8,0.395,0.3383885946683025
embedding_hidden_8,0.4,0.3384951965254775
embedding_hidden_8,0.405,0.33833327798878876
embedding_hidden_8,0.41000000000000003,0.33766266299535636
embedding_hidden_8,0.41500000000000004,0.33762179050353935
embedding_hidden_8,0.42,0.33806479522898714
embedding_hidden_8,0.425,0.3384797394137891
embedding_hidden_8,0.43,0.33902697187571385
embedding_hidden_8,0.435,0.33982655786404087
embedding_hidden_8,0.44,0.3396113353089766
embedding_hidden_8,0.445,0.3388167078180274
embedding_hidden_8,0.45,0.33877852251835466
embedding_hidden_8,0.455,0.338575051764357
embedding_hidden_8,0.46,0.33855786889852457
embedding_hidden_8,0.465,0.3390110997590774
embedding_hidden_8,0.47000000000000003,0.34003249300130906
embedding_hidden_8,0.47500000000000003,0.3409926837304901
embedding_hidden_8,0.48,0.3408034450599079
embedding_hidden_8,0.485,0.3401708514457694
embedding_hidden_8,0.49,0.33933408248910973
embedding_hidden_8,0.495,0.33937831609578895
embedding_hidden_8,0.5,0.33963901321816803
embedding_hidden_8,0.505,0.3399155844416417
embedding_hidden_8,0.51,0.34025530533916903
embedding_hidden_8,0.515,0.34053336721445654
embedding_hidden_8,0.52,0.34078300937927325
embedding_hidden_8,0.525,0.3406350914438737
embedding_hidden_8,0.53,0.34062751140838443
embedding_hidden_8,0.535,0.34052988170530185
embedding_hidden_8,0.54,0.3402402028040691
embedding_hidden_8,0.545,0.34018166513768755
embedding_hidden_8,0.55,0.3399867502414344
embedding_hidden_8,0.555,0.3397509060808085
embedding_hidden_8,0.56,0.33954112162547245
embedding_hidden_8,0.5650000000000001,0.33872591910580463
embedding_hidden_8,0.5700000000000001,0.3384154519641974
embedding_hidden_8,0.5750000000000001,0.3389541798151065
embedding_hidden_8,0.58,0.3399635819594495
embedding_hidden_8,0.585,0.3403580337808857
embedding_hidden_8,0.59,0.3407326664315551
embedding_hidden_8,0.595,0.3410503370677358
embedding_hidden_8,0.6,0.34102707872818405
embedding_hidden_8,0.605,0.3411470118692846
embedding_hidden_8,0.61,0.3406585865005268
embedding_hidden_8,0.615,0.340669299197866
embedding_hidden_8,0.62,0.3409757208602199
embedding_hidden_8,0.625,0.34054841589292806
embedding_hidden_8,0.63,0.34048354313118195
embedding_hidden_8,0.635,0.3402784570431344
embedding_hidden_8,0.64,0.33926915188105666
embedding_hidden_8,0.645,0.3385979574302385
embedding_hidden_8,0.65,0.33804826888272854
embedding_hidden_8,0.655,0.33804023743242795
embedding_hidden_8,0.66,0.3384119100366617
embedding_hidden_8,0.665,0.33880872965406134
embedding_hidden_8,0.67,0.33952515195262867
embedding_hidden_8,0.675,0.3396834739692565
embedding_hidden_8,0.68,0.3395101390276424
embedding_hidden_8,0.685,0.33887329010469636
embedding_hidden_8,0.6900000000000001,0.3383897709998809
embedding_hidden_8,0.6950000000000001,0.3375851499353293
embedding_hidden_8,0.7000000000000001,0.33708920447740837
embedding_hidden_8,0.705,0.336768007034027
embedding_hidden_8,0.71,0.336846731375635
embedding_hidden_8,0.715,0.33729775436339304
embedding_hidden_8,0.72,0.3374792579408264
embedding_hidden_8,0.725,0.337106291860813
embedding_hidden_8,0.73,0.3369805566767097
embedding_hidden_8,0.735,0.33731143330514335
embedding_hidden_8,0.74,0.33756340302975574
embedding_hidden_8,0.745,0.3368912790173731
embedding_hidden_8,0.75,0.3362148705492671
embedding_hidden_8,0.755,0.3363998054388154
embedding_hidden_8,0.76,0.33658993343106325
embedding_hidden_8,0.765,0.33667534131587146
embedding_hidden_8,0.77,0.33679664759304295
embedding_hidden_8,0.775,0.33726048365062433
embedding_hidden_8,0.78,0.33764878177445146
embedding_hidden_8,0.785,0.3377937476723335
embedding_hidden_8,0.79,0.3378217703334273
embedding_hidden_8,0.795,0.3371123597209802
embedding_hidden_8,0.8,0.3370910019918542
embedding_hidden_8,0.805,0.33723311732211136
embedding_hidden_8,0.81,0.3368811899554033
embedding_hidden_8,0.8150000000000001,0.33691176969786535
embedding_hidden_8,0.8200000000000001,0.33731554419595666
embedding_hidden_8,0.8250000000000001,0.33714044634018564
embedding_hidden_8,0.8300000000000001,0.3367421464820308
embedding_hidden_8,0.835,0.3366350897935332
embedding_hidden_8,0.84,0.33679201165408323
embedding_hidden_8,0.845,0.33654928119750804
embedding_hidden_8,0.85,0.3361263186023345
embedding_hidden_8,0.855,0.3358696701255084
embedding_hidden_8,0.86,0.3356010094390748
embedding_hidden_8,0.865,0.3354008409152408
embedding_hidden_8,0.87,0.33516911227062923
embedding_hidden_8,0.875,0.3348135273681015
embedding_hidden_8,0.88,0.33422697577966726
embedding_hidden_8,0.885,0.33418514423136486
embedding_hidden_8,0.89,0.33457953656011
embedding_hidden_8,0.895,0.3347630196018344
embedding_hidden_8,0.9,0.33482734123206775
embedding_hidden_8,0.905,0.3345323694307949
embedding_hidden_8,0.91,0.33431763846442136
embedding_hidden_8,0.915,0.3345568129225337
embedding_hidden_8,0.92,0.3350349715532489
embedding_hidden_8,0.925,0.33534556978877084
embedding_hidden_8,0.93,0.335370035624032
embedding_hidden_8,0.935,0.3353983465982154
embedding_hidden_8,0.9400000000000001,0.33545026687934587
embedding_hidden_8,0.9450000000000001,0.3355376017223156
embedding_hidden_8,0.9500000000000001,0.3352788027129846
embedding_hidden_8,0.9550000000000001,0.3348673150423432
embedding_hidden_8,0.96,0.3345907847326933
embedding_hidden_8,0.965,0.33439302512638003
embedding_hidden_8,0.97,0.33454868557401307
embedding_hidden_8,0.975,0.33433618257333153
embedding_hidden_8,0.98,0.33389715627073285
embedding_hidden_8,0.985,0.33356361851835603
embedding_hidden_8,0.99,0.33362035608825924
embedding_hidden_8,0.995,0.33383106870571383
embedding_hidden_8,1.0,0.3337456709770999
label_shuffle,0.0,0.6452380952380953
label_shuffle,0.005,0.4700688555293902
label_shuffle,0.01,0.4198134689913262
label_shuffle,0.015,0.4290046137462471
label_shuffle,0.02,0.42675954978232944
label_shuffle,0.025,0.4131565293235475
label_shuffle,0.03,0.3974162880800568
label_shuffle,0.035,0.3729275211281079
label_shuffle,0.04,0.35231399057878654
label_shuffle,0.045,0.34377430527508357
label_shuffle,0.05,0.33727359112359456
label_shuffle,0.055,0.3312652006750951
label_shuffle,0.06,0.3311903816234776
label_shuffle,0.065,0.3304994487709611
label_shuffle,0.07,0.3307007481386791
label_shuffle,0.075,0.3347988783800019
label_shuffle,0.08,0.33805779223940885
label_shuffle,0.085,0.3380484125659821
label_shuffle,0.09,0.33397886142126015
label_shuffle,0.095,0.3320326729292717
label_shuffle,0.1,0.33449097444286857
label_shuffle,0.105,0.3338668948865494
label_shuffle,0.11,0.33155342094308815
label_shuffle,0.115,0.3326216642010922
label_shuffle,0.12,0.3321195862728878
label_shuffle,0.125,0.33093959811810136
label_shuffle,0.13,0.3297207752282093
label_shuffle,0.135,0.3301677316735045
label_shuffle,0.14,0.33259502809883223
label_shuffle,0.145,0.3346571069462535
label_shuffle,0.15,0.336253193168704
label_shuffle,0.155,0.33407659272254236
label_shuffle,0.16,0.33046710257050527
label_shuffle,0.165,0.3278173914286639
label_shuffle,0.17,0.32752408466285876
label_shuffle,0.17500000000000002,0.32882584364743106
label_shuffle,0.18,0.3297906631080106
label_shuffle,0.185,0.3315225323901482
label_shuffle,0.19,0.3306096263902377
label_shuffle,0.195,0.32911950732194856
label_shuffle,0.2,0.32970959615036693
label_shuffle,0.20500000000000002,0.3305588973672949
label_shuffle,0.21,0.32767174636011337
label_shuffle,0.215,0.3262374663956937
label_shuffle,0.22,0.32796068993664695
label_shuffle,0.225,0.33065813789487203
label_shuffle,0.23,0.3297167768456041
label_shuffle,0.23500000000000001,0.32842815761685884
label_shuffle,0.24,0.3282463961600919
label_shuffle,0.245,0.33004768237473164
label_shuffle,0.25,0.33124413610010783
label_shuffle,0.255,0.33148256493803274
label_shuffle,0.26,0.3313872434338613
label_shuffle,0.265,0.3319021288037075
label_shuffle,0.27,0.32923651423049616
label_shuffle,0.275,0.3270074385655579
label_shuffle,0.28,0.326142800680368
label_shuffle,0.28500000000000003,0.32541901360697384
label_shuffle,0.29,0.32496721848477517
label_shuffle,0.295,0.32547090679732243
label_shuffle,0.3,0.32714214316184254
label_shuffle,0.305,0.3274795771231774
label_shuffle,0.31,0.32732515148812197
label_shuffle,0.315,0.3275647772910462
label_shuffle,0.32,0.3272183590191459
label_shuffle,0.325,0.32770016800131835
label_shuffle,0.33,0.3277467737764598
label_shuffle,0.335,0.3265933402581214
label_shuffle,0.34,0.3261878078915192
label_shuffle,0.34500000000000003,0.3262838413071312
label_shuffle,0.35000000000000003,0.32537810828257807
label_shuffle,0.355,0.32479074294503923
label_shuffle,0.36,0.3248923163905061
label_shuffle,0.365,0.32413714224305296
label_shuffle,0.37,0.3246715734584878
label_shuffle,0.375,0.3251916424652018
label_shuffle,0.38,0.3254780058324925
label_shuffle,0.385,0.3255903467573942
label_shuffle,0.39,0.3252728962863971
label_shuffle,0.395,0.325304388762245
label_shuffle,0.4,0.32481397774708487
label_shuffle,0.405,0.3248885060904898
label_shuffle,0.41000000000000003,0.3252667241492461
label_shuffle,0.41500000000000004,0.32561229041247197
label_shuffle,0.42,0.32622285386121624
label_shuffle,0.425,0.3259381013500534
label_shuffle,0.43,0.3255868678629831
label_shuffle,0.435,0.3258833903383606
label_shuffle,0.44,0.3263382898953716
label_shuffle,0.445,0.3270743271360915
label_shuffle,0.45,0.3264381878421509
label_shuffle,0.455,0.32688192016811535
label_shuffle,0.46,0.328066415681482
label_shuffle,0.465,0.3284357190239331
label_shuffle,0.47000000000000003,0.3285542212061443
label_shuffle,0.47500000000000003,0.32818838681628737
label_shuffle,0.48,0.3284880438597126
label_shuffle,0.485,0.3273279399499941
label_shuffle,0.49,0.3268802259073201
label_shuffle,0.495,0.32712012931667217
label_shuffle,0.5,0.32710303187683776
label_shuffle,0.505,0.3281714115991273
label_shuffle,0.51,0.32899689259158954
label_shuffle,0.515,0.3289332079567374
label_shuffle,0.52,0.32864915950060636
label_shuffle,0.525,0.3285592381246035
label_shuffle,0.53,0.32880066404563696
label_shuffle,0.535,0.3287063531773534
label_shuffle,0.54,0.32896894623293427
label_shuffle,0.545,0.3297507418370933
label_shuffle,0.55,0.3297568502632976
label_shuffle,0.555,0.32961887339438667
label_shuffle,0.56,0.3290134903310926
label_shuffle,0.5650000000000001,0.32792558557414264
label_shuffle,0.5700000000000001,0.3282339922590746
label_shuffle,0.5750000000000001,0.3282108922766782
label_shuffle,0.58,0.3280152353091108
label_shuffle,0.585,0.3281006578750415
label_shuffle,0.59,0.32798756504515814
label_shuffle,0.595,0.32808156937617317
label_shuffle,0.6,0.32790156375245855
label_shuffle,0.605,0.3279479671244453
label_shuffle,0.61,0.3280850462101793
label_shuffle,0.615,0.32775262140279604
label_shuffle,0.62,0.327517601224731
label_shuffle,0.625,0.32680041217820877
label_shuffle,0.63,0.32600353441878865
label_shuffle,0.635,0.32557241898596506
label_shuffle,0.64,0.3258358640928349
label_shuffle,0.645,0.32622546734531366
label_shuffle,0.65,0.32658365798639843
label_shuffle,0.655,0.32657347780879303
label_shuffle,0.66,0.326405049098908
label_shuffle,0.665,0.3259212736947329
label_shuffle,0.67,0.3253400244086787
label_shuffle,0.675,0.32509148145845723
label_shuffle,0.68,0.3249226598444244
label_shuffle,0.685,0.3244726588033317
label_shuffle,0.6900000000000001,0.3245872293220612
label_shuffle,0.6950000000000001,0.32485375556039
label_shuffle,0.7000000000000001,0.32504452293376035
label_shuffle,0.705,0.324691972360878
label_shuffle,0.71,0.3245120575692309
label_shuffle,0.715,0.3248325167516277
label_shuffle,0.72,0.3256369865395236
label_shuffle,0.725,0.32595800118960727
label_shuffle,0.73,0.32589818100241374
label_shuffle,0.735,0.32613470671788675
label_shuffle,0.74,0.3262126154865666
label_shuffle,0.745,0.3262142930393073
label_shuffle,0.75,0.3257918044909968
label_shuffle,0.755,0.32601116360794374
label_shuffle,0.76,0.3262979210297449
label_shuffle,0.765,0.3262186030196217
label_shuffle,0.77,0.3261185893775781
label_shuffle,0.775,0.3261153204286903
label_shuffle,0.78,0.3264273374737706
label_shuffle,0.785,0.3269078923403705
label_shuffle,0.79,0.32737906503091024
label_shuffle,0.795,0.32799193770934565
label_shuffle,0.8,0.3282941878275668
label_shuffle,0.805,0.3277347731878054
label_shuffle,0.81,0.3274454075607952
label_shuffle,0.8150000000000001,0.32703125441853137
label_shuffle,0.8200000000000001,0.32717521813663936
label_shuffle,0.8250000000000001,0.3274731331352741
label_shuffle,0.8300000000000001,0.32715644069898886
label_shuffle,0.835,0.3270259023765131
label_shuffle,0.84,0.3268283958481275
label_shuffle,0.845,0.32650062841718464
label_shuffle,0.85,0.32654305745632134
label_shuffle,0.855,0.3266397125567821
label_shuffle,0.86,0.3270979024048455
label_shuffle,0.865,0.3272221894599359
label_shuffle,0.87,0.32762878797385114
label_shuffle,0.875,0.3280673743281532
label_shuffle,0.88,0.3283594947760906
label_shuffle,0.885,0.3285537707997644
label_shuffle,0.89,0.32851729734764457
label_shuffle,0.895,0.3281093143109678
label_shuffle,0.9,0.328395033358334
label_shuffle,0.905,0.3288153052886584
label_shuffle,0.91,0.32940382591664497
label_shuffle,0.915,0.3297225225126001
label_shuffle,0.92,0.3300845474802885
label_shuffle,0.925,0.3306552687582601
label_shuffle,0.93,0.3312789898116173
label_shuffle,0.935,0.3314436108070587
label_shuffle,0.9400000000000001,0.3313037487959846
label_shuffle,0.9450000000000001,0.33120521301167305
label_shuffle,0.9500000000000001,0.33089153854923314
label_shuffle,0.9550000000000001,0.3306229767935932
label_shuffle,0.96,0.33082196469228325
label_shuffle,0.965,0.3310467463549867
label_shuffle,0.97,0.33154233299068453
label_shuffle,0.975,0.33177248884478894
label_shuffle,0.98,0.3319690591046527
label_shuffle,0.985,0.3325188337833241
label_shuffle,0.99,0.33309978553656633
label_shuffle,0.995,0.33351308206418395
label_shuffle,1.0,0.33363081171224274
random_embedding,0.0,0.475952380952381
random_embedding,0.005,0.40050921400028566
random_embedding,0.01,0.4029094465719463
random_embedding,0.015,0.38814575378439914
random_embedding,0.02,0.3446924118080399
random_embedding,0.025,0.32246199847872004
random_embedding,0.03,0.3277156900415648
random_embedding,0.035,0.32941252215166694
random_embedding,0.04,0.31666206266061636
random_embedding,0.045,0.31026680249214617
random_embedding,0.05,0.3097924525396588
random_embedding,0.055,0.30995454880780154
random_embedding,0.06,0.315978988687055
random_embedding,0.065,0.31748521612895686
random_embedding,0.07,0.3147420738894461
random_embedding,0.075,0.31686337596918535
random_embedding,0.08,0.31587067339909836
random_embedding,0.085,0.31621887109767427
random_embedding,0.09,0.3133514933951359
random_embedding,0.095,0.3140625392657452
random_embedding,0.1,0.3158008886475182
random_embedding,0.105,0.317934373004528
random_embedding,0.11,0.3196624040224443
random_embedding,0.115,0.319845717000512
random_embedding,0.12,0.32176429211780383
random_embedding,0.125,0.32461564719397373
random_embedding,0.13,0.3241143874889439
random_embedding,0.135,0.32148807996787554
random_embedding,0.14,0.31836066226666143
random_embedding,0.145,0.31955070632111215
random_embedding,0.15,0.3208681444313086
random_embedding,0.155,0.3215698312301055
random_embedding,0.16,0.32376737665381927
random_embedding,0.165,0.32661856828923
random_embedding,0.17,0.3282792874712216
random_embedding,0.17500000000000002,0.3285923454228425
random_embedding,0.18,0.3287195773809141
random_embedding,0.185,0.328584705857761
random_embedding,0.19,0.32732378342003154
random_embedding,0.195,0.3278582163391194
random_embedding,0.2,0.32796681162486463
random_embedding,0.20500000000000002,0.3283665192411929
random_embedding,0.21,0.33034299155772623
random_embedding,0.215,0.33112696536349534
random_embedding,0.22,0.33028180756022574
random_embedding,0.225,0.3313073885874246
random_embedding,0.23,0.33305398503077377
random_embedding,0.23500000000000001,0.3324998198387698
random_embedding,0.24,0.3325591039731903
random_embedding,0.245,0.33232653087228947
random_embedding,0.25,0.33062240937581056
random_embedding,0.255,0.3299345368803407
random_embedding,0.26,0.3304406230661118
random_embedding,0.265,0.3305607664956637
random_embedding,0.27,0.3304381314834016
random_embedding,0.275,0.33081085381466124
random_embedding,0.28,0.3303721228371833
random_embedding,0.28500000000000003,0.33074819504609504
random_embedding,0.29,0.3303295894787218
random_embedding,0.295,0.3292945573233386
random_embedding,0.3,0.32837634094983104
random_embedding,0.305,0.32908247741315877
random_embedding,0.31,0.3304036107585645
random_embedding,0.315,0.3316865750165102
random_embedding,0.32,0.33081862633993586
random_embedding,0.325,0.3300819584701221
random_embedding,0.33,0.3302106510045429
random_embedding,0.335,0.33089412701249116
random_embedding,0.34,0.33160903174314754
random_embedding,0.34500000000000003,0.3319080695753178
random_embedding,0.35000000000000003,0.33187598870831814
random_embedding,0.355,0.33228773446716703
random_embedding,0.36,0.3316676807587717
random_embedding,0.365,0.33276706286332447
random_embedding,0.37,0.33468148038786055
random_embedding,0.375,0.33440639586394405
random_embedding,0.38,0.3340043627452471
random_embedding,0.385,0.3342800188457721
random_embedding,0.39,0.3339354090857789
random_embedding,0.395,0.33399049581221324
random_embedding,0.4,0.33470878843488605
random_embedding,0.405,0.3353864465590247
random_embedding,0.41000000000000003,0.3348261645580172
random_embedding,0.41500000000000004,0.3332273393230736
random_embedding,0.42,0.33186973466453984
random_embedding,0.425,0.3309093647427231
random_embedding,0.43,0.3306711294661353
random_embedding,0.435,0.33044218920502477
random_embedding,0.44,0.33077726903254495
random_embedding,0.445,0.3310343216787576
random_embedding,0.45,0.33197341249740203
random_embedding,0.455,0.3326407198031325
random_embedding,0.46,0.33262079318249393
random_embedding,0.465,0.332695208782616
random_embedding,0.47000000000000003,0.33221752780234953
random_embedding,0.47500000000000003,0.332476825160362
random_embedding,0.48,0.3327550171478498
random_embedding,0.485,0.3319525106411684
random_embedding,0.49,0.33115413689023543
random_embedding,0.495,0.3307604189883405
random_embedding,0.5,0.33148532188419316
random_embedding,0.505,0.33173790181606283
random_embedding,0.51,0.3314220310840259
random_embedding,0.515,0.33126965763359645
random_embedding,0.52,0.33087643437066794
random_embedding,0.525,0.3309477424080556
random_embedding,0.53,0.3314926750231701
random_embedding,0.535,0.33157998368339986
random_embedding,0.54,0.33156958385119484
random_embedding,0.545,0.33177216968245593
random_embedding,0.55,0.33229422121677593
random_embedding,0.555,0.3319605657855603
random_embedding,0.56,0.33114291229558634
random_embedding,0.5650000000000001,0.3308844756370662
random_embedding,0.5700000000000001,0.3310049202350816
random_embedding,0.5750000000000001,0.3315244397702365
random_embedding,0.58,0.33164868352128235
random_embedding,0.585,0.33151140564121795
random_embedding,0.59,0.33161271588299346
random_embedding,0.595,0.332490663094697
random_embedding,0.6,0.33328107374033034
random_embedding,0.605,0.3339945954183678
random_embedding,0.61,0.3341913871669727
random_embedding,0.615,0.33372226718914433
random_embedding,0.62,0.3334221333255995
random_embedding,0.625,0.3332615747913351
random_embedding,0.63,0.3331612029994969
random_embedding,0.635,0.3337219291206696
random_embedding,0.64,0.334286994483855
random_embedding,0.645,0.33474334718176496
random_embedding,0.65,0.33465134743499275
random_embedding,0.655,0.3344595566474201
random_embedding,0.66,0.33481544785517103
random_embedding,0.665,0.33536273935266664
random_embedding,0.67,0.3358590988554272
random_embedding,0.675,0.33626344591245355
random_embedding,0.68,0.33651039803407473
random_embedding,0.685,0.33685078762942033
random_embedding,0.6900000000000001,0.3368063640985083
random_embedding,0.6950000000000001,0.3371005638779909
random_embedding,0.7000000000000001,0.33673986455183125
random_embedding,0.705,0.33621704540101194
random_embedding,0.71,0.3366680633458005
random_embedding,0.715,0.33707573216677045
random_embedding,0.72,0.3370007737839576
random_embedding,0.725,0.3361917346870133
random_embedding,0.73,0.3353366650446697
random_embedding,0.735,0.3348458463680203
random_embedding,0.74,0.33490120359196734
random_embedding,0.745,0.33475582074613597
random_embedding,0.75,0.3343469813870487
random_embedding,0.755,0.3337527323426479
random_embedding,0.76,0.33333885611830116
random_embedding,0.765,0.33326832332311096
random_embedding,0.77,0.33367783117847527
random_embedding,0.775,0.3340184959368303
random_embedding,0.78,0.33435530636539423
random_embedding,0.785,0.3348856624541811
random_embedding,0.79,0.33551727534230713
random_embedding,0.795,0.3356448845039428
random_embedding,0.8,0.3352350569026254
random_embedding,0.805,0.33497689952237764
random_embedding,0.81,0.3349519485388507
random_embedding,0.8150000000000001,0.3349805953893789
random_embedding,0.8200000000000001,0.33480034207664366
random_embedding,0.8250000000000001,0.3351180338865333
random_embedding,0.8300000000000001,0.3354705557048244
random_embedding,0.835,0.33588276758458674
random_embedding,0.84,0.33605499139413425
random_embedding,0.845,0.33595481576561154
random_embedding,0.85,0.3359124657688838
random_embedding,0.855,0.33581499645246005
random_embedding,0.86,0.33551925784915065
random_embedding,0.865,0.33496357382855846
random_embedding,0.87,0.3345498106715151
random_embedding,0.875,0.33475574735391833
random_embedding,0.88,0.3348766764742173
random_embedding,0.885,0.3350201824531395
random_embedding,0.89,0.3348017716847153
random_embedding,0.895,0.3348428914690632
random_embedding,0.9,0.3347170485482
random_embedding,0.905,0.33465072867839696
random_embedding,0.91,0.33410083243596544
random_embedding,0.915,0.3339329706475017
random_embedding,0.92,0.3340621032708899
random_embedding,0.925,0.33397266642859885
random_embedding,0.93,0.334025185071362
random_embedding,0.935,0.33398052271900946
random_embedding,0.9400000000000001,0.33369227299073206
random_embedding,0.9450000000000001,0.3337574260979102
random_embedding,0.9500000000000001,0.33348487406220406
random_embedding,0.9550000000000001,0.33372166225716016
random_embedding,0.96,0.334330681660187
random_embedding,0.965,0.3347476461218477
random_embedding,0.97,0.33479642674384213
random_embedding,0.975,0.3347144882154683
random_embedding,0.98,0.33442241357372027
random_embedding,0.985,0.3341618701181035
random_embedding,0.99,0.333976203051134
random_embedding,0.995,0.3339168474456449
random_embedding,1.0,0.33365426509274165
